,BTC Price,USD (PM),NDAQ Price
2012-01-03,5.0,1598.0,24.96
2012-01-04,5.29,1613.0,24.62
2012-01-05,5.57,1599.0,24.66
2012-01-06,6.65,1616.5,24.43
2012-01-09,7.0,1615.0,24.33
2012-01-10,6.3,1637.0,25.17
2012-01-11,7.14,1634.5,25.05
2012-01-12,7.0,1661.0,24.96
2012-01-13,6.51,1635.5,24.8
2012-01-17,7.1,1656.0,24.52
2012-01-18,6.0,1647.0,24.78
2012-01-19,7.1,1655.0,25.14
2012-01-20,6.22,1653.0,25.34
2012-01-23,6.79,1675.5,25.46
2012-01-24,6.52,1665.5,25.66
2012-01-25,6.55,1650.0,25.9
2012-01-26,6.31,1727.0,25.83
2012-01-27,5.5,1726.0,25.99
2012-01-30,5.5,1729.0,25.3
2012-01-31,5.58,1744.0,24.76
2012-02-01,5.3,1740.0,24.77
2012-02-02,5.88,1751.0,24.66
2012-02-03,6.28,1734.0,25.07
2012-02-06,5.6,1719.0,25.35
2012-02-07,5.6,1724.0,25.7
2012-02-08,5.69,1746.0,26.24
2012-02-09,5.87,1748.0,25.88
2012-02-10,5.89,1711.5,26.0
2012-02-13,5.67,1720.0,26.36
2012-02-14,5.79,1722.0,26.36
2012-02-15,4.89,1733.0,26.21
2012-02-16,4.69,1713.0,26.75
2012-02-17,4.51,1723.0,26.81
2012-02-21,4.44,1748.0,26.6
2012-02-22,4.58,1752.0,26.22
2012-02-23,4.51,1777.0,26.26
2012-02-24,5.22,1777.5,26.69
2012-02-27,4.98,1772.0,26.79
2012-02-28,5.04,1781.0,26.63
2012-02-29,4.88,1770.0,26.34
2012-03-01,4.99,1714.0,26.31
2012-03-02,5.0,1707.0,26.11
2012-03-05,4.81,1705.0,26.15
2012-03-06,5.06,1669.0,25.47
2012-03-07,4.98,1677.5,25.64
2012-03-08,4.93,1690.0,25.95
2012-03-09,5.01,1687.5,26.13
2012-03-12,5.0,1697.5,25.84
2012-03-13,4.99,1690.0,26.72
2012-03-14,5.3,1644.25,26.49
2012-03-15,5.27,1648.0,26.75
2012-03-16,5.39,1658.0,26.61
2012-03-19,5.25,1661.5,26.8
2012-03-20,4.83,1656.75,26.72
2012-03-21,4.79,1649.25,26.85
2012-03-22,4.96,1635.5,26.88
2012-03-23,4.91,1664.0,26.64
2012-03-26,4.54,1680.25,27.18
2012-03-27,4.73,1692.0,26.61
2012-03-28,4.84,1676.0,26.42
2012-03-29,4.93,1657.5,25.82
2012-03-30,4.84,1662.5,25.9
2012-04-02,4.89,1677.5,25.93
2012-04-03,5.04,1676.25,25.73
2012-04-04,4.99,1621.0,25.22
2012-04-05,5.01,1631.0,25.52
2012-04-10,4.75,1644.0,24.59
2012-04-11,4.8,1658.0,24.73
2012-04-12,4.92,1668.5,24.95
2012-04-13,4.93,1666.5,24.57
2012-04-16,4.99,1653.0,24.43
2012-04-17,4.98,1635.5,24.78
2012-04-18,4.98,1644.0,24.71
2012-04-19,5.16,1650.0,24.7
2012-04-20,5.13,1641.5,25.04
2012-04-23,5.17,1629.0,25.02
2012-04-24,5.0,1649.5,25.33
2012-04-25,5.08,1637.75,25.12
2012-04-26,5.14,1653.5,25.07
2012-04-27,4.98,1663.5,25.14
2012-04-30,4.91,1651.25,24.57
2012-05-01,5.0,1664.0,24.44
2012-05-02,4.97,1648.0,24.09
2012-05-03,5.06,1637.75,23.67
2012-05-04,5.1,1643.75,23.67
2012-05-08,5.05,1602.5,23.65
2012-05-09,5.02,1582.5,24.06
2012-05-10,5.02,1598.5,23.73
2012-05-11,4.87,1583.0,23.36
2012-05-14,4.94,1558.5,23.56
2012-05-15,4.93,1556.5,23.68
2012-05-16,4.95,1548.5,23.115
2012-05-17,5.04,1554.0,23.0
2012-05-18,5.02,1589.5,21.99
2012-05-21,5.03,1592.5,22.78
2012-05-22,5.08,1582.5,22.32
2012-05-23,5.03,1549.0,21.81
2012-05-24,5.1,1568.5,21.8
2012-05-25,5.12,1569.5,22.06
2012-05-29,5.07,1579.5,22.22
2012-05-30,5.11,1540.0,21.81
2012-05-31,5.14,1558.0,21.88
2012-06-01,5.17,1606.0,21.38
2012-06-06,5.37,1635.0,22.235
2012-06-07,5.41,1606.0,22.11
2012-06-08,5.53,1576.5,22.12
2012-06-11,5.42,1584.0,21.44
2012-06-12,5.52,1603.5,21.72
2012-06-13,5.71,1619.5,21.33
2012-06-14,5.86,1613.5,21.27
2012-06-15,5.9,1627.25,21.48
2012-06-18,6.19,1615.5,21.68
2012-06-19,6.06,1625.5,22.15
2012-06-20,6.46,1601.0,22.24
2012-06-21,6.64,1582.0,21.55
2012-06-22,6.64,1565.5,21.77
2012-06-25,6.4,1570.0,21.24
2012-06-26,6.26,1576.0,21.29
2012-06-27,6.41,1573.5,21.62
2012-06-28,6.49,1558.5,21.86
2012-06-29,6.5,1598.5,22.67
2012-07-02,6.52,1592.0,22.89
2012-07-03,6.61,1617.5,22.76
2012-07-05,6.44,1604.0,22.55
2012-07-06,6.6,1587.0,22.22
2012-07-09,6.73,1585.0,21.85
2012-07-10,6.94,1595.25,21.66
2012-07-11,7.08,1577.0,22.1
2012-07-12,7.14,1556.25,22.04
2012-07-13,7.59,1595.5,22.56
2012-07-16,7.57,1589.75,22.51
2012-07-17,8.3,1585.25,22.76
2012-07-18,8.55,1575.25,22.9
2012-07-19,9.0,1584.0,22.81
2012-07-20,8.76,1576.25,22.37
2012-07-23,8.42,1572.25,22.15
2012-07-24,8.59,1583.25,21.83
2012-07-25,8.61,1601.0,22.87
2012-07-26,8.64,1618.0,23.21
2012-07-27,8.75,1618.25,23.25
2012-07-30,8.71,1617.75,23.16
2012-07-31,9.0,1622.0,22.7
2012-08-01,9.28,1599.0,22.79
2012-08-02,9.45,1597.0,22.63
2012-08-03,10.44,1602.0,22.96
2012-08-06,10.71,1610.0,23.15
2012-08-07,10.84,1611.0,23.39
2012-08-08,10.75,1613.25,23.28
2012-08-09,10.99,1615.0,23.29
2012-08-10,11.0,1618.5,23.36
2012-08-13,11.49,1622.5,23.38
2012-08-14,11.89,1597.75,23.18
2012-08-15,12.25,1601.75,23.3
2012-08-16,13.01,1604.5,23.42
2012-08-17,13.42,1614.75,23.59
2012-08-20,8.06,1615.0,23.54
2012-08-21,10.05,1639.5,23.715
2012-08-22,10.18,1642.0,23.19
2012-08-23,9.96,1665.25,22.87
2012-08-24,10.02,1667.0,22.77
2012-08-28,10.78,1668.0,23.09
2012-08-29,11.0,1660.0,23.0
2012-08-30,10.78,1660.5,22.79
2012-08-31,10.65,1648.5,22.87
2012-09-04,10.55,1697.0,23.25
2012-09-05,10.36,1690.0,23.28
2012-09-06,10.99,1701.0,23.73
2012-09-07,11.02,1728.0,23.73
2012-09-10,10.98,1732.0,23.585
2012-09-11,10.95,1736.75,23.66
2012-09-12,11.04,1737.0,23.81
2012-09-13,11.14,1733.25,24.21
2012-09-14,11.3,1775.5,24.47
2012-09-17,11.75,1770.0,24.11
2012-09-18,11.85,1769.5,23.64
2012-09-19,11.91,1766.75,24.0
2012-09-20,12.32,1758.5,23.7
2012-09-21,12.28,1784.5,23.79
2012-09-24,11.99,1762.5,23.72
2012-09-25,11.9,1771.5,23.17
2012-09-26,11.75,1744.75,22.91
2012-09-27,12.2,1763.0,23.42
2012-09-28,12.22,1776.0,23.29
2012-10-01,12.22,1787.0,23.53
2012-10-02,12.14,1775.5,23.32
2012-10-03,12.64,1775.25,23.25
2012-10-04,12.9,1791.75,23.7
2012-10-05,12.57,1784.0,23.59
2012-10-08,11.71,1773.5,23.54
2012-10-09,11.62,1774.0,23.31
2012-10-10,11.99,1761.25,23.56
2012-10-11,12.24,1769.0,23.5
2012-10-12,12.09,1766.75,23.26
2012-10-15,11.79,1736.0,23.69
2012-10-16,11.66,1746.5,24.08
2012-10-17,11.92,1749.0,24.47
2012-10-18,11.88,1743.0,24.5703
2012-10-19,11.8,1737.0,24.27
2012-10-22,11.32,1726.75,24.13
2012-10-23,11.49,1711.0,24.13
2012-10-24,11.58,1706.5,23.58
2012-10-25,11.4,1715.5,23.865
2012-10-26,10.55,1716.0,23.77
2012-10-31,10.8,1719.0,23.78
2012-11-01,11.0,1716.25,24.16
2012-11-02,10.85,1685.0,24.02
2012-11-05,10.64,1683.5,24.28
2012-11-06,10.78,1691.0,24.41
2012-11-07,10.74,1715.25,23.79
2012-11-08,10.8,1717.0,23.56
2012-11-09,10.81,1738.25,23.59
2012-11-12,10.82,1735.25,23.48
2012-11-13,10.87,1726.25,23.16
2012-11-14,10.87,1725.75,22.805
2012-11-15,10.97,1710.0,23.07
2012-11-16,11.05,1713.5,22.95
2012-11-19,11.51,1730.5,23.3
2012-11-20,11.65,1732.25,23.12
2012-11-21,11.65,1724.0,23.23
2012-11-23,11.88,1734.5,23.78
2012-11-26,12.31,1750.5,23.54
2012-11-27,12.2,1746.25,23.61
2012-11-28,12.07,1708.0,23.95
2012-11-29,12.22,1725.0,24.26
2012-11-30,12.37,1726.0,24.23
2012-12-03,12.42,1720.0,23.89
2012-12-04,12.6,1697.75,24.16
2012-12-05,12.59,1694.0,23.67
2012-12-06,13.2,1694.25,23.69
2012-12-07,13.45,1701.5,23.71
2012-12-10,13.29,1712.5,23.48
2012-12-11,13.3,1710.0,23.56
2012-12-12,13.35,1716.25,24.31
2012-12-13,13.49,1692.75,24.33
2012-12-14,13.52,1696.25,24.2
2012-12-17,13.27,1695.75,24.68
2012-12-18,13.2,1694.0,25.21
2012-12-19,13.13,1665.0,25.22
2012-12-20,13.4,1650.5,26.1094
2012-12-21,13.35,1651.5,25.49
2012-12-27,13.18,1655.5,25.05
2012-12-28,13.2,1657.5,24.89
2013-01-02,13.22,1693.75,25.76
2013-01-03,13.09,1679.5,26.38
2013-01-04,13.19,1648.0,26.48
2013-01-07,13.15,1645.25,26.27
2013-01-08,13.2,1656.0,26.1
2013-01-09,13.5,1657.75,26.37
2013-01-10,13.58,1675.0,26.63
2013-01-11,14.0,1657.5,26.58
2013-01-14,13.64,1666.5,26.72
2013-01-15,14.1,1680.5,26.79
2013-01-16,14.2,1676.25,26.85
2013-01-17,14.53,1675.0,27.07
2013-01-18,15.36,1688.5,27.129
2013-01-22,16.52,1690.5,27.5
2013-01-23,17.35,1690.25,27.38
2013-01-24,17.5,1671.0,27.51
2013-01-25,17.29,1660.0,27.7
2013-01-28,17.6,1656.5,27.78
2013-01-29,18.67,1663.5,27.9
2013-01-30,19.35,1677.5,27.97
2013-01-31,19.45,1664.75,28.32
2013-02-01,20.46,1669.0,28.64
2013-02-04,20.29,1666.0,28.36
2013-02-05,20.3,1673.5,28.81
2013-02-06,20.5,1674.25,29.0
2013-02-07,20.91,1668.0,29.26
2013-02-08,21.71,1668.25,29.47
2013-02-11,23.7,1652.0,30.38
2013-02-12,23.94,1647.5,30.55
2013-02-13,25.47,1645.0,31.65
2013-02-14,25.0,1646.0,30.6
2013-02-15,27.4,1612.25,31.07
2013-02-19,26.92,1607.75,31.49
2013-02-20,29.39,1588.5,31.05
2013-02-21,30.0,1577.0,30.98
2013-02-22,30.0,1576.5,31.36
2013-02-25,29.78,1586.25,30.83
2013-02-26,30.43,1590.5,31.45
2013-02-27,31.1,1604.25,31.79
2013-02-28,31.31,1588.5,31.66
2013-03-01,33.53,1582.25,31.58
2013-03-04,34.33,1574.25,32.03
2013-03-05,36.52,1579.75,32.45
2013-03-06,40.75,1574.0,32.23
2013-03-07,42.32,1579.5,32.0
2013-03-08,41.68,1581.75,32.025
2013-03-11,45.29,1579.0,32.31
2013-03-12,48.25,1594.0,32.1
2013-03-13,44.84,1589.25,32.12
2013-03-14,46.99,1586.0,32.6
2013-03-15,46.95,1595.5,32.57
2013-03-18,47.24,1603.75,32.31
2013-03-19,50.35,1610.75,31.99
2013-03-20,59.41,1607.5,31.94
2013-03-21,64.2,1613.75,32.04
2013-03-22,72.23,1607.75,32.36
2013-03-25,70.22,1599.25,32.14
2013-03-26,75.11,1598.0,32.51
2013-03-27,79.81,1603.0,32.38
2013-03-28,89.3,1598.25,32.3
2013-04-02,104.7,1583.5,27.91
2013-04-03,116.0,1574.75,28.27
2013-04-04,133.78,1546.5,28.57
2013-04-05,135.0,1568.0,28.76
2013-04-08,164.97,1575.0,29.0
2013-04-09,185.6,1577.25,28.75
2013-04-10,229.0,1575.0,29.0
2013-04-11,162.0,1565.0,29.17
2013-04-12,83.4,1535.5,29.18
2013-04-15,91.11,1395.0,28.54
2013-04-16,74.0,1380.0,28.64
2013-04-17,68.09,1392.0,28.3
2013-04-18,89.98,1393.75,27.94
2013-04-19,109.3,1405.5,27.97
2013-04-22,118.81,1424.5,28.15
2013-04-23,123.74,1408.0,28.47
2013-04-24,137.29,1428.5,28.2
2013-04-25,149.0,1451.0,28.73
2013-04-26,141.9,1471.5,28.91
2013-04-29,135.28,1467.5,29.1
2013-04-30,143.31,1469.0,29.48
2013-05-01,139.88,1454.75,29.25
2013-05-02,116.75,1469.25,29.97
2013-05-03,106.81,1469.25,30.46
2013-05-07,112.71,1444.25,30.22
2013-05-08,110.0,1468.0,30.54
2013-05-09,113.16,1465.5,30.23
2013-05-10,111.96,1426.5,30.5
2013-05-13,114.5,1430.75,30.48
2013-05-14,115.99,1433.75,30.92
2013-05-15,107.0,1410.0,31.13
2013-05-16,108.95,1381.0,30.76
2013-05-17,113.35,1368.75,31.26
2013-05-20,116.38,1354.75,31.34
2013-05-21,116.55,1360.75,31.19
2013-05-22,117.5,1408.5,30.98
2013-05-23,119.11,1380.5,30.92
2013-05-24,123.84,1390.25,30.72
2013-05-28,126.25,1376.5,31.47
2013-05-29,125.92,1382.5,31.59
2013-05-30,130.35,1413.5,32.15
2013-05-31,126.81,1394.5,31.46
2013-06-03,123.0,1402.5,31.06
2013-06-04,123.22,1399.5,30.84
2013-06-05,120.57,1404.0,31.04
2013-06-06,121.2,1400.0,31.85
2013-06-07,118.78,1386.0,32.88
2013-06-10,100.17,1383.25,32.92
2013-06-11,104.22,1374.25,32.12
2013-06-12,107.36,1382.75,31.34
2013-06-13,106.56,1385.0,32.58
2013-06-14,102.0,1391.25,32.6
2013-06-17,99.37,1384.75,33.04
2013-06-18,100.0,1366.75,33.19
2013-06-19,104.5,1372.75,32.71
2013-06-20,105.24,1292.5,32.75
2013-06-21,102.61,1295.25,32.57
2013-06-24,100.41,1286.75,31.85
2013-06-25,99.47,1279.0,32.35
2013-06-26,97.87,1236.25,32.425
2013-06-27,98.77,1232.75,32.86
2013-06-28,96.31,1192.0,32.79
2013-07-01,89.53,1242.75,33.11
2013-07-02,84.5,1252.5,33.06
2013-07-03,88.0,1250.0,32.72
2013-07-05,79.4,1212.75,33.3
2013-07-08,73.96,1235.25,33.14
2013-07-09,74.4,1255.5,33.24
2013-07-10,75.01,1256.0,33.27
2013-07-11,86.19,1285.0,34.12
2013-07-12,87.13,1279.75,34.3
2013-07-15,90.03,1284.75,34.14
2013-07-16,93.78,1291.5,33.78
2013-07-17,91.55,1297.25,33.67
2013-07-18,90.97,1283.25,34.14
2013-07-19,85.28,1295.75,33.89
2013-07-22,85.93,1327.0,33.76
2013-07-23,85.6,1333.5,33.84
2013-07-24,86.98,1335.0,32.81
2013-07-25,88.42,1326.0,33.23
2013-07-26,90.16,1331.0,32.92
2013-07-29,92.71,1329.75,33.01
2013-07-30,93.39,1324.15,32.46
2013-07-31,96.57,1314.5,32.4
2013-08-01,98.28,1315.0,33.2
2013-08-02,96.62,1309.25,32.98
2013-08-05,96.38,1304.75,32.61
2013-08-06,97.81,1280.5,32.53
2013-08-07,97.69,1282.5,32.24
2013-08-08,97.09,1298.25,32.31
2013-08-09,94.27,1309.0,31.91
2013-08-12,94.09,1341.0,31.96
2013-08-13,95.35,1328.5,31.91
2013-08-14,98.15,1326.5,31.96
2013-08-15,99.19,1329.75,31.14
2013-08-16,98.08,1369.25,30.79
2013-08-19,99.3,1365.0,30.78
2013-08-20,102.85,1372.5,31.22
2013-08-21,104.87,1363.0,31.54
2013-08-22,110.43,1375.5,30.46
2013-08-23,109.12,1377.5,30.83
2013-08-27,111.9,1419.25,29.94
2013-08-28,117.75,1419.5,29.84
2013-08-29,117.91,1407.75,30.06
2013-08-30,118.5,1394.75,29.86
2013-09-03,130.15,1399.5,29.78
2013-09-04,129.18,1390.0,30.0
2013-09-05,122.81,1385.0,30.265
2013-09-06,122.5,1387.0,30.51
2013-09-09,118.34,1390.0,30.67
2013-09-10,121.68,1358.25,30.98
2013-09-11,122.07,1363.75,31.0
2013-09-12,127.55,1328.0,31.29
2013-09-13,126.38,1318.5,31.25
2013-09-16,125.36,1324.0,31.42
2013-09-17,126.27,1312.25,31.53
2013-09-18,126.92,1301.0,31.77
2013-09-19,127.0,1365.5,32.015
2013-09-20,124.18,1349.25,32.08
2013-09-23,123.27,1323.0,32.06
2013-09-24,122.63,1314.25,32.18
2013-09-25,123.86,1322.75,32.05
2013-09-26,123.25,1333.0,32.57
2013-09-27,124.84,1341.0,32.2
2013-09-30,127.01,1326.5,32.11
2013-10-01,126.25,1290.75,32.39
2013-10-02,127.33,1306.25,32.38
2013-10-03,103.85,1316.0,32.31
2013-10-04,117.63,1309.75,32.9
2013-10-07,122.49,1323.5,32.28
2013-10-08,123.5,1329.5,31.79
2013-10-09,124.13,1304.0,32.02
2013-10-10,125.9,1298.5,33.02
2013-10-11,126.8,1265.5,33.17
2013-10-14,132.82,1285.5,33.53
2013-10-15,135.42,1270.5,33.33
2013-10-16,142.76,1273.5,33.68
2013-10-17,137.56,1319.25,34.08
2013-10-18,143.94,1316.5,34.145
2013-10-21,166.59,1317.5,33.69
2013-10-22,180.13,1333.0,33.58
2013-10-23,189.75,1331.25,35.535
2013-10-24,203.96,1344.75,35.65
2013-10-25,193.87,1347.75,35.7
2013-10-28,194.0,1361.0,35.72
2013-10-29,196.62,1349.25,36.01
2013-10-30,204.69,1354.75,35.725
2013-10-31,197.54,1324.0,35.43
2013-11-01,203.54,1306.75,35.295
2013-11-04,210.0,1320.5,35.46
2013-11-05,226.83,1307.25,35.32
2013-11-06,242.9,1319.0,35.5
2013-11-07,263.24,1307.25,35.12
2013-11-08,291.0,1285.5,35.93
2013-11-11,323.0,1282.5,35.91
2013-11-12,343.91,1281.25,35.85
2013-11-13,354.96,1272.5,36.18
2013-11-14,393.5,1286.0,37.2
2013-11-15,416.95,1287.25,37.08
2013-11-18,477.38,1283.5,37.6
2013-11-19,669.01,1275.75,38.21
2013-11-20,536.01,1257.0,38.48
2013-11-21,599.0,1240.0,38.92
2013-11-22,720.0,1246.25,39.61
2013-11-25,800.05,1243.0,39.3
2013-11-26,817.88,1247.5,38.79
2013-11-27,916.3,1245.0,38.64
2013-11-29,1012.98,1253.0,39.29
2013-12-02,955.0,1229.5,39.4
2013-12-03,1047.47,1217.25,39.03
2013-12-04,1055.0,1227.5,39.95
2013-12-05,1132.01,1222.5,38.86
2013-12-06,1023.87,1233.0,38.88
2013-12-09,787.0,1237.0,38.91
2013-12-10,899.9,1266.25,38.89
2013-12-11,979.23,1260.75,38.71
2013-12-12,879.04,1225.25,38.79
2013-12-13,871.22,1232.0,38.55
2013-12-16,862.0,1234.75,38.72
2013-12-17,691.0,1231.75,39.31
2013-12-18,673.62,1230.5,39.595
2013-12-19,520.0,1196.0,39.46
2013-12-20,685.0,1195.25,39.96
2013-12-23,612.66,1199.0,39.76
2013-12-27,747.0,1214.5,39.92
2013-12-30,728.0,1204.5,39.83
2014-01-02,754.9,1225.0,39.2
2014-01-03,784.19,1234.5,39.78
2014-01-06,905.0,1246.25,39.88
2014-01-07,919.24,1227.5,40.07
2014-01-08,785.0,1221.0,40.18
2014-01-09,823.45,1226.0,40.24
2014-01-10,824.76,1244.25,39.92
2014-01-13,844.05,1248.0,39.15
2014-01-14,823.0,1251.5,39.74
2014-01-15,815.99,1236.0,39.52
2014-01-16,841.14,1241.5,39.98
2014-01-17,814.4,1250.0,39.72
2014-01-21,826.02,1238.0,39.4
2014-01-22,824.89,1241.0,39.5
2014-01-23,819.2,1263.0,38.7
2014-01-24,812.0,1267.0,37.6
2014-01-27,814.75,1260.5,37.32
2014-01-28,751.95,1251.25,37.65
2014-01-29,788.0,1264.0,37.2
2014-01-30,794.21,1242.5,38.41
2014-01-31,799.99,1251.0,38.15
2014-02-03,814.99,1262.0,37.13
2014-02-04,808.5,1250.25,37.79
2014-02-05,802.99,1254.5,38.15
2014-02-06,782.33,1256.5,37.85
2014-02-07,763.99,1259.25,37.54
2014-02-10,687.37,1277.0,37.51
2014-02-11,687.81,1282.0,38.37
2014-02-12,675.1,1289.5,38.59
2014-02-13,651.99,1296.0,38.69
2014-02-14,604.11,1320.0,38.72
2014-02-18,633.66,1320.75,39.11
2014-02-19,627.7,1320.5,39.57
2014-02-20,623.01,1316.25,39.48
2014-02-21,561.86,1323.25,38.93
2014-02-24,610.09,1334.75,39.12
2014-02-25,535.49,1339.0,39.07
2014-02-26,535.0,1331.75,38.35
2014-02-27,585.24,1332.25,38.42
2014-02-28,583.0,1326.5,38.39
2014-03-03,566.24,1349.5,38.35
2014-03-04,677.69,1334.75,39.82
2014-03-05,673.0,1337.0,40.04
2014-03-06,669.99,1345.25,40.7
2014-03-07,669.57,1335.25,40.79
2014-03-10,640.0,1344.0,40.27
2014-03-11,629.39,1346.25,39.55
2014-03-12,632.1,1366.0,39.4
2014-03-13,634.95,1368.75,38.82
2014-03-14,641.01,1385.0,39.33
2014-03-17,634.99,1378.5,39.73
2014-03-18,621.11,1355.75,38.5
2014-03-19,612.0,1338.0,37.5
2014-03-20,611.2,1327.0,37.49
2014-03-21,587.98,1336.0,37.54
2014-03-24,561.0,1310.75,38.09
2014-03-25,585.99,1313.5,38.15
2014-03-26,583.77,1304.0,37.6
2014-03-27,581.49,1296.0,37.14
2014-03-28,475.0,1294.75,36.72
2014-03-31,460.0,1291.75,36.94
2014-04-01,454.83,1283.75,35.78
2014-04-02,478.98,1292.0,36.98
2014-04-03,439.0,1284.0,36.44
2014-04-04,451.03,1297.25,36.3
2014-04-07,456.27,1299.0,35.79
2014-04-08,447.11,1309.5,34.81
2014-04-09,453.57,1301.75,34.88
2014-04-10,441.69,1320.5,34.89
2014-04-11,363.12,1318.0,34.77
2014-04-14,416.3,1325.75,34.41
2014-04-15,458.5,1298.0,34.13
2014-04-16,521.0,1301.5,34.73
2014-04-17,530.0,1299.0,35.01
2014-04-22,496.74,1286.75,36.62
2014-04-23,490.0,1285.25,36.61
2014-04-24,492.0,1291.5,36.27
2014-04-25,502.2,1301.25,36.05
2014-04-28,430.0,1299.0,36.3
2014-04-29,442.9,1297.75,36.5
2014-04-30,448.0,1288.5,36.9
2014-05-01,448.85,1278.5,36.93
2014-05-02,460.97,1281.25,36.85
2014-05-06,433.0,1306.25,36.3
2014-05-07,428.01,1296.0,36.87
2014-05-08,440.0,1287.0,36.56
2014-05-09,437.69,1291.25,36.37
2014-05-12,440.0,1298.75,36.83
2014-05-13,442.5,1296.5,36.51
2014-05-14,439.12,1305.25,36.53
2014-05-15,446.0,1299.0,36.22
2014-05-16,446.0,1291.5,36.06
2014-05-19,446.91,1302.0,36.21
2014-05-20,448.34,1295.5,35.75
2014-05-21,489.0,1287.25,36.3
2014-05-22,493.98,1298.5,36.36
2014-05-23,529.99,1291.5,36.45
2014-05-27,581.88,1275.5,36.92
2014-05-28,572.7,1263.5,37.38
2014-05-29,580.66,1255.0,37.71
2014-05-30,572.37,1250.5,37.9
2014-06-02,630.99,1247.25,37.77
2014-06-03,661.22,1242.75,38.05
2014-06-04,670.14,1245.25,38.16
2014-06-05,640.59,1252.5,37.7
2014-06-06,661.48,1247.5,37.61
2014-06-09,658.0,1253.5,37.72
2014-06-10,648.83,1259.5,37.14
2014-06-11,648.55,1262.0,36.47
2014-06-12,620.5,1265.75,36.8
2014-06-13,569.1,1273.0,36.73
2014-06-16,588.55,1276.25,36.55
2014-06-17,586.91,1267.5,37.25
2014-06-18,606.48,1269.75,37.89
2014-06-19,607.0,1293.0,37.53
2014-06-20,593.4,1312.5,37.78
2014-06-23,600.34,1313.5,38.87
2014-06-24,588.22,1318.5,37.72
2014-06-25,572.62,1316.75,37.54
2014-06-26,560.4,1311.75,38.02
2014-06-27,579.99,1317.5,38.24
2014-06-30,599.89,1315.0,38.62
2014-07-01,641.11,1327.5,39.33
2014-07-02,638.25,1326.5,39.65
2014-07-03,650.5,1317.5,39.94
2014-07-07,630.57,1313.0,39.71
2014-07-08,622.09,1323.0,38.92
2014-07-09,623.98,1322.75,39.12
2014-07-10,621.97,1340.25,38.6
2014-07-11,616.87,1335.0,39.11
2014-07-14,630.88,1306.0,40.24
2014-07-15,621.17,1310.0,40.03
2014-07-16,622.9,1301.0,40.3
2014-07-17,616.86,1302.5,40.61
2014-07-18,622.2,1307.25,40.99
2014-07-21,627.0,1311.5,41.06
2014-07-22,622.73,1310.25,41.45
2014-07-23,618.26,1308.0,41.15
2014-07-24,621.0,1292.75,42.22
2014-07-25,601.66,1294.75,42.36
2014-07-28,590.3,1304.5,42.84
2014-07-29,586.53,1299.25,42.85
2014-07-30,585.95,1294.5,42.9
2014-07-31,563.84,1285.25,42.19
2014-08-01,582.04,1291.25,41.97
2014-08-04,588.91,1290.5,42.27
2014-08-05,588.5,1284.75,41.68
2014-08-06,581.76,1306.5,41.72
2014-08-07,581.16,1305.25,41.48
2014-08-08,585.84,1309.75,41.63
2014-08-11,590.96,1307.25,41.97
2014-08-12,573.98,1315.75,41.58
2014-08-13,566.69,1312.0,42.04
2014-08-14,548.81,1313.5,42.23
2014-08-15,507.99,1296.0,42.12
2014-08-18,496.86,1296.75,42.35
2014-08-19,475.22,1296.5,42.49
2014-08-20,491.98,1295.0,42.73
2014-08-21,516.39,1275.25,42.75
2014-08-22,519.28,1277.25,42.77
2014-08-26,503.82,1286.0,43.62
2014-08-27,512.18,1282.75,43.715
2014-08-28,511.87,1292.0,43.8
2014-08-29,506.0,1285.75,43.47
2014-09-02,474.54,1267.0,43.52
2014-09-03,474.5,1265.5,43.38
2014-09-04,474.89,1271.5,43.12
2014-09-05,487.43,1266.0,43.12
2014-09-08,475.43,1259.0,43.28
2014-09-09,468.33,1255.75,42.95
2014-09-10,473.2,1251.0,43.35
2014-09-11,476.57,1241.25,43.325
2014-09-12,475.9,1231.5,43.855
2014-09-15,475.49,1234.25,43.66
2014-09-16,469.47,1232.25,43.97
2014-09-17,462.02,1236.0,43.86
2014-09-18,452.09,1220.5,43.715
2014-09-19,425.0,1219.75,43.9
2014-09-22,399.55,1213.5,43.25
2014-09-23,400.07,1222.0,42.57
2014-09-24,438.97,1217.25,42.79
2014-09-25,423.68,1213.75,42.0
2014-09-26,408.76,1213.75,42.39
2014-09-29,375.35,1219.5,42.35
2014-09-30,374.2,1216.5,42.42
2014-10-01,391.09,1216.5,41.95
2014-10-02,384.86,1211.75,42.09
2014-10-03,374.68,1195.0,42.74
2014-10-06,323.52,1195.75,42.19
2014-10-07,328.59,1210.5,41.22
2014-10-08,334.8,1217.0,42.15
2014-10-09,355.73,1226.75,41.52
2014-10-10,364.01,1219.0,41.36
2014-10-13,378.11,1229.0,39.98
2014-10-14,392.6,1234.75,39.78
2014-10-15,403.38,1237.5,39.8
2014-10-16,394.52,1237.75,39.73
2014-10-17,383.95,1234.25,40.16
2014-10-20,387.53,1244.5,40.74
2014-10-21,381.21,1250.25,41.19
2014-10-22,385.81,1243.75,40.93
2014-10-23,382.04,1232.75,41.3
2014-10-24,357.18,1232.75,40.88
2014-10-27,355.18,1228.75,40.99
2014-10-28,350.0,1229.25,41.82
2014-10-29,356.96,1223.5,42.43
2014-10-30,335.7,1202.0,42.77
2014-10-31,346.14,1164.25,43.26
2014-11-03,324.36,1167.75,43.53
2014-11-04,325.5,1166.5,43.69
2014-11-05,330.22,1142.0,43.74
2014-11-06,338.38,1145.0,43.9
2014-11-07,349.99,1154.5,43.88
2014-11-10,364.77,1162.0,44.03
2014-11-11,366.43,1156.5,44.27
2014-11-12,370.65,1164.5,44.03
2014-11-13,426.63,1161.75,43.79
2014-11-14,420.93,1169.0,43.78
2014-11-17,389.86,1182.5,43.73
2014-11-18,387.69,1192.75,43.99
2014-11-19,374.88,1196.0,43.98
2014-11-20,379.03,1190.0,44.16
2014-11-21,356.47,1203.75,44.1
2014-11-24,367.17,1197.5,44.64
2014-11-25,375.99,1199.0,44.58
2014-11-26,377.37,1197.5,44.83
2014-11-28,369.98,1182.75,44.91
2014-12-01,377.01,1194.0,44.27
2014-12-02,376.53,1195.0,45.07
2014-12-03,379.52,1204.75,45.535
2014-12-04,375.33,1209.0,45.94
2014-12-05,369.16,1194.0,45.68
2014-12-08,377.26,1193.0,46.26
2014-12-09,361.3,1227.0,46.41
2014-12-10,352.03,1229.0,45.79
2014-12-11,345.21,1216.25,46.97
2014-12-12,348.9,1217.0,46.11
2014-12-15,356.52,1209.25,46.46
2014-12-16,349.0,1202.5,45.74
2014-12-17,329.05,1195.75,46.53
2014-12-18,322.0,1199.0,47.86
2014-12-19,312.67,1195.5,48.69
2014-12-22,320.01,1195.25,49.29
2014-12-23,331.56,1175.75,49.14
2014-12-29,317.64,1185.5,48.85
2014-12-30,313.01,1206.0,48.63
2015-01-02,313.81,1172.0,47.86
2015-01-05,264.0,1200.0,47.61
2015-01-06,276.8,1210.25,47.58
2015-01-12,266.39,1226.5,47.35
2015-01-13,267.42,1231.5,46.71
2015-01-14,227.0,1235.0,45.66
2015-01-15,171.41,1259.0,45.76
2015-01-16,210.98,1277.5,46.29
2015-01-20,216.34,1288.75,45.95
2015-01-21,210.65,1293.5,45.7
2015-01-22,227.16,1295.75,46.54
2015-01-23,234.08,1294.75,46.56
2015-01-26,255.31,1281.25,46.57
2015-01-27,274.8,1288.5,46.08
2015-01-28,263.98,1288.0,45.04
2015-01-29,236.07,1268.75,45.17
2015-01-30,235.79,1260.25,45.6
2015-02-02,226.93,1272.5,46.81
2015-02-03,238.47,1264.25,47.05
2015-02-04,227.99,1268.5,47.6
2015-02-05,227.0,1259.25,48.3
2015-02-06,216.81,1241.0,49.235
2015-02-09,223.88,1238.5,48.49
2015-02-10,220.9,1234.5,48.55
2015-02-11,220.42,1223.75,49.18
2015-02-12,219.55,1222.5,49.75
2015-02-13,223.0,1232.5,49.48
2015-02-17,234.7,1209.5,49.92
2015-02-18,244.7,1206.0,49.91
2015-02-19,237.37,1209.5,50.3
2015-02-20,240.59,1208.25,50.94
2015-02-23,236.5,1204.5,50.79
2015-02-24,239.65,1192.5,50.65
2015-02-25,239.55,1204.75,50.79
2015-02-26,237.97,1208.25,50.64
2015-02-27,236.84,1214.0,50.16
2015-03-02,258.34,1212.5,50.92
2015-03-03,274.93,1212.75,50.595
2015-03-04,281.0,1199.5,51.015
2015-03-05,270.78,1202.0,50.78
2015-03-06,273.09,1175.75,50.19
2015-03-09,275.0,1168.5,50.7
2015-03-10,287.12,1162.0,49.64
2015-03-11,290.0,1150.0,49.34
2015-03-12,296.54,1152.25,49.985
2015-03-13,295.31,1152.0,50.25
2015-03-16,286.75,1150.75,50.805
2015-03-17,289.27,1150.75,50.94
2015-03-18,282.8,1147.25,49.52
2015-03-19,256.45,1166.0,50.41
2015-03-20,261.81,1183.1,50.44
2015-03-23,267.74,1186.25,50.33
2015-03-24,265.94,1191.5,50.17
2015-03-25,245.0,1195.6,49.16
2015-03-26,246.94,1203.15,49.55
2015-03-27,249.23,1195.75,49.7
2015-03-30,242.0,1185.5,50.7
2015-03-31,247.95,1187.0,50.94
2015-04-01,244.24,1197.0,50.455
2015-04-02,246.69,1198.5,50.11
2015-04-07,255.58,1211.0,50.01
2015-04-08,253.72,1207.25,49.92
2015-04-09,244.58,1194.8,50.14
2015-04-10,243.43,1207.35,50.58
2015-04-13,236.5,1198.9,50.32
2015-04-14,223.15,1194.75,49.705
2015-04-15,215.8,1192.9,49.51
2015-04-16,222.88,1204.35,49.8
2015-04-17,227.5,1203.35,48.675
2015-04-20,222.54,1196.5,48.34
2015-04-21,224.3,1195.3,48.72
2015-04-22,235.74,1189.25,48.84
2015-04-23,233.45,1185.75,49.76
2015-04-24,235.98,1183.0,48.57
2015-04-27,219.52,1200.0,48.26
2015-04-28,227.23,1209.0,49.32
2015-04-29,225.16,1209.0,48.96
2015-04-30,225.48,1180.25,48.63
2015-05-01,236.2,1175.95,49.05
2015-05-05,238.34,1197.0,49.43
2015-05-06,235.12,1194.25,48.97
2015-05-07,228.49,1187.0,49.89
2015-05-08,236.87,1186.0,50.55
2015-05-11,239.13,1189.25,50.805
2015-05-12,241.3,1191.5,50.5
2015-05-13,241.03,1210.5,50.75
2015-05-14,235.97,1225.0,51.45
2015-05-15,237.13,1220.5,51.19
2015-05-18,235.97,1223.5,51.78
2015-05-19,232.87,1214.3,52.27
2015-05-20,231.4,1210.5,51.83
2015-05-21,234.43,1205.0,52.27
2015-05-22,235.0,1204.1,52.62
2015-05-26,235.59,1185.4,51.93
2015-05-27,235.71,1185.85,52.06
2015-05-28,235.17,1185.0,52.34
2015-05-29,236.46,1191.4,51.75
2015-06-01,228.91,1199.9,51.49
2015-06-02,223.51,1192.8,51.6
2015-06-03,225.18,1190.0,51.95
2015-06-04,224.27,1176.0,51.33
2015-06-05,222.99,1164.6,50.53
2015-06-08,222.7,1172.8,50.03
2015-06-09,228.17,1177.4,50.14
2015-06-10,228.7,1188.5,50.76
2015-06-11,227.8,1178.5,51.09
2015-06-12,229.03,1182.8,50.74
2015-06-15,232.09,1181.4,50.34
2015-06-16,235.92,1177.75,50.59
2015-06-17,250.09,1178.0,51.05
2015-06-18,247.76,1201.85,51.28
2015-06-19,248.4,1203.4,50.385
2015-06-22,243.64,1185.5,50.62
2015-06-23,246.0,1178.0,50.54
2015-06-24,243.74,1173.75,49.74
2015-06-25,240.19,1172.65,49.96
2015-06-26,241.98,1170.5,49.7
2015-06-29,248.62,1176.0,48.55
2015-06-30,256.04,1171.0,48.81
2015-07-01,262.5,1168.0,48.71
2015-07-02,257.62,1165.25,49.13
2015-07-06,271.5,1166.0,48.76
2015-07-07,268.51,1156.25,48.84
2015-07-08,265.51,1158.5,47.86
2015-07-09,270.63,1164.25,49.22
2015-07-10,268.92,1159.3,50.48
2015-07-13,310.55,1154.0,50.68
2015-07-14,292.68,1157.4,51.16
2015-07-15,287.55,1147.4,51.23
2015-07-16,285.67,1144.4,51.87
2015-07-17,277.89,1132.8,51.84
2015-07-20,275.47,1104.6,51.75
2015-07-21,278.96,1105.6,51.21
2015-07-22,276.76,1088.6,51.73
2015-07-23,277.68,1097.4,51.53
2015-07-24,276.61,1080.8,51.89
2015-07-27,293.19,1100.0,51.17
2015-07-28,294.29,1096.2,50.64
2015-07-29,294.01,1090.25,50.99
2015-07-30,289.85,1087.5,50.99
2015-07-31,288.01,1098.4,51.03
2015-08-03,282.32,1091.9,50.99
2015-08-04,280.43,1090.65,51.38
2015-08-05,285.0,1085.1,52.47
2015-08-06,281.13,1089.75,52.78
2015-08-07,277.48,1093.5,52.93
2015-08-10,265.05,1097.0,53.55
2015-08-11,264.33,1108.25,53.31
2015-08-12,271.15,1119.0,53.04
2015-08-13,267.73,1116.75,53.63
2015-08-14,264.48,1118.25,54.26
2015-08-17,256.11,1118.8,54.17
2015-08-18,256.47,1111.45,54.31
2015-08-19,224.8,1126.15,54.03
2015-08-20,226.92,1147.7,53.06
2015-08-21,235.54,1156.5,51.55
2015-08-24,228.89,1166.5,49.64
2015-08-25,209.72,1137.5,48.84
2015-08-26,222.38,1120.75,49.69
2015-08-27,225.8,1119.0,51.3
2015-08-28,225.09,1135.0,51.49
2015-09-01,229.86,1142.3,50.02
2015-09-02,227.96,1137.75,50.78
2015-09-03,229.18,1128.0,51.15
2015-09-04,227.28,1118.25,50.3
2015-09-08,240.19,1121.15,51.96
2015-09-09,244.21,1109.85,50.95
2015-09-10,238.35,1109.5,51.33
2015-09-11,238.66,1100.25,51.75
2015-09-14,229.66,1104.8,51.37
2015-09-15,229.71,1105.95,51.73
2015-09-16,230.03,1117.6,51.84
2015-09-17,228.34,1117.5,50.95
2015-09-18,232.17,1141.5,50.47
2015-09-21,230.16,1133.25,51.17
2015-09-22,226.15,1122.9,51.04
2015-09-23,230.42,1131.35,51.98
2015-09-24,229.42,1154.5,51.94
2015-09-25,233.86,1146.65,53.48
2015-09-28,232.41,1131.05,52.02
2015-09-29,239.14,1132.1,51.81
2015-09-30,236.94,1114.0,53.33
2015-10-01,236.2,1119.0,52.62
2015-10-02,237.15,1140.75,52.63
2015-10-05,238.6,1139.75,53.65
2015-10-06,240.84,1147.5,53.38
2015-10-07,246.57,1144.6,53.26
2015-10-08,243.2,1140.0,53.78
2015-10-09,242.9,1151.55,53.09
2015-10-12,248.05,1164.9,54.13
2015-10-13,245.81,1165.2,53.61
2015-10-14,249.73,1173.9,53.67
2015-10-15,252.47,1184.25,54.91
2015-10-16,254.49,1180.85,54.97
2015-10-19,261.05,1175.4,55.44
2015-10-20,263.66,1177.75,55.83
2015-10-21,270.64,1167.1,55.26
2015-10-22,267.89,1167.0,59.1
2015-10-23,275.21,1161.25,58.72
2015-10-26,283.96,1166.4,58.4
2015-10-27,286.9,1165.7,58.95
2015-10-28,295.54,1179.6,59.28
2015-10-29,305.67,1148.6,59.22
2015-10-30,314.82,1142.35,57.89
2015-11-02,325.78,1134.0,59.67
2015-11-03,361.26,1123.1,59.3
2015-11-04,404.06,1114.7,58.16
2015-11-05,408.0,1106.3,58.62
2015-11-06,385.5,1088.9,58.24
2015-11-09,372.65,1089.6,57.68
2015-11-10,377.9,1087.1,58.57
2015-11-11,336.8,1085.9,58.49
2015-11-12,309.91,1087.4,57.71
2015-11-13,337.17,1081.5,56.59
2015-11-16,319.28,1084.75,57.24
2015-11-17,330.83,1079.2,57.56
2015-11-18,336.08,1067.75,58.69
2015-11-19,335.65,1082.6,59.36
2015-11-20,326.02,1081.75,59.97
2015-11-23,324.2,1070.5,59.23
2015-11-24,323.48,1076.4,58.49
2015-11-25,319.7,1068.0,58.45
2015-11-27,353.21,1057.4,58.87
2015-11-30,371.48,1061.9,58.62
2015-12-01,376.71,1065.4,58.72
2015-12-02,363.06,1055.4,58.51
2015-12-03,358.89,1055.45,56.98
2015-12-04,361.42,1079.25,58.94
2015-12-07,388.24,1075.8,58.28
2015-12-08,395.57,1072.1,57.92
2015-12-09,417.89,1081.0,56.46
2015-12-10,416.98,1071.0,55.96
2015-12-11,415.57,1072.5,54.86
2015-12-14,433.07,1068.25,56.08
2015-12-15,443.36,1061.5,56.77
2015-12-16,464.53,1075.25,56.89
2015-12-17,455.87,1049.4,56.08
2015-12-18,456.17,1062.5,55.93
2015-12-21,442.54,1078.75,56.47
2015-12-22,438.07,1074.9,58.01
2015-12-23,435.48,1068.25,57.98
2015-12-29,421.46,1070.1,59.38
2015-12-30,431.82,1060.0,59.02
2016-01-04,431.04,1082.25,56.54
2016-01-05,434.17,1077.0,57.4
2016-01-06,432.43,1091.4,57.23
2016-01-07,429.56,1106.35,57.1
2016-01-08,457.0,1101.85,55.81
2016-01-11,448.79,1100.75,57.28
2016-01-12,448.0,1085.4,57.58
2016-01-13,434.85,1088.15,55.73
2016-01-14,432.64,1088.4,57.49
2016-01-15,429.55,1093.75,56.49
2016-01-19,385.49,1086.25,57.47
2016-01-20,376.76,1101.75,56.3
2016-01-21,416.32,1096.5,55.78
2016-01-22,409.59,1096.25,57.73
2016-01-25,402.16,1106.6,56.6
2016-01-26,390.9,1113.6,58.53
2016-01-27,391.77,1116.25,58.3
2016-01-28,394.95,1114.0,58.89
2016-01-29,379.75,1111.8,62.0
2016-02-01,368.49,1126.5,61.74
2016-02-02,371.81,1128.5,62.32
2016-02-03,373.05,1132.0,61.6
2016-02-04,368.38,1156.35,59.85
2016-02-05,387.82,1150.35,59.4
2016-02-08,375.0,1193.25,60.21
2016-02-09,370.91,1191.0,61.49
2016-02-10,373.2,1190.0,60.88
2016-02-11,379.66,1241.0,59.97
2016-02-12,377.98,1239.75,61.31
2016-02-16,399.28,1209.5,61.66
2016-02-17,407.51,1210.0,62.96
2016-02-18,415.54,1210.1,62.88
2016-02-19,421.18,1231.15,62.93
2016-02-22,438.5,1211.0,63.55
2016-02-23,438.27,1221.35,63.14
2016-02-24,419.1,1250.75,63.66
2016-02-25,423.78,1236.0,64.51
2016-02-26,423.51,1226.5,63.85
2016-02-29,431.68,1234.9,63.29
2016-03-01,435.23,1236.5,64.27
2016-03-02,432.5,1239.2,64.49
2016-03-03,423.45,1250.25,65.2
2016-03-04,420.29,1277.5,64.94
2016-03-07,406.23,1267.9,64.24
2016-03-08,414.01,1267.0,64.87
2016-03-09,411.75,1246.4,65.37
2016-03-10,413.0,1266.5,64.97
2016-03-11,416.0,1264.75,65.98
2016-03-14,413.04,1242.75,66.83
2016-03-15,414.99,1232.0,67.04
2016-03-16,415.85,1228.5,66.61
2016-03-17,416.57,1266.5,65.85
2016-03-18,418.49,1252.1,64.51
2016-03-21,411.28,1244.9,64.27
2016-03-22,411.67,1252.5,65.42
2016-03-23,416.64,1217.6,65.64
2016-03-24,417.62,1221.0,64.02
2016-03-29,422.87,1226.0,65.57
2016-03-30,415.95,1236.25,65.17
2016-03-31,413.74,1237.0,66.38
2016-04-01,414.66,1213.6,66.09
2016-04-04,419.11,1219.75,65.55
2016-04-05,418.75,1231.25,64.98
2016-04-06,422.71,1221.4,64.95
2016-04-07,421.03,1242.1,64.26
2016-04-08,420.0,1239.5,63.65
2016-04-11,420.04,1254.75,64.28
2016-04-12,422.69,1254.6,63.15
2016-04-13,425.54,1245.75,63.95
2016-04-14,423.93,1233.85,63.67
2016-04-15,424.86,1227.1,64.44
2016-04-18,427.42,1234.3,64.14
2016-04-19,428.14,1255.4,64.17
2016-04-20,435.63,1252.0,64.13
2016-04-21,442.13,1249.25,63.81
2016-04-22,451.0,1243.25,63.99
2016-04-25,460.02,1238.9,64.17
2016-04-26,462.33,1241.7,64.41
2016-04-27,467.42,1247.4,64.13
2016-04-28,445.38,1256.0,62.86
2016-04-29,449.14,1285.65,61.71
2016-05-03,444.06,1294.0,62.27
2016-05-04,450.61,1283.0,62.58
2016-05-05,446.63,1280.25,63.2
2016-05-06,448.5,1289.0,64.03
2016-05-09,458.21,1265.25,64.5
2016-05-10,460.82,1262.8,64.59
2016-05-11,451.62,1276.85,63.62
2016-05-12,452.91,1279.25,64.18
2016-05-13,455.2,1265.9,63.68
2016-05-16,457.56,1285.75,63.73
2016-05-17,454.0,1277.0,62.53
2016-05-18,453.08,1272.9,63.05
2016-05-19,452.92,1246.25,63.04
2016-05-20,436.3,1254.2,63.62
2016-05-23,438.8,1245.9,63.57
2016-05-24,442.99,1236.85,65.62
2016-05-25,443.97,1220.6,65.5
2016-05-26,448.7,1223.85,65.02
2016-05-27,452.07,1216.25,65.67
2016-05-31,527.64,1212.1,66.01
2016-06-01,531.84,1214.5,65.6
2016-06-02,536.95,1212.4,65.15
2016-06-03,538.0,1240.5,65.07
2016-06-06,573.91,1244.0,65.13
2016-06-07,584.5,1241.0,64.89
2016-06-08,577.54,1263.0,65.22
2016-06-09,583.03,1263.9,65.66
2016-06-10,575.01,1275.5,65.58
2016-06-13,672.13,1280.8,65.11
2016-06-14,704.49,1287.15,64.89
2016-06-15,685.25,1283.3,64.8
2016-06-16,695.0,1310.75,64.89
2016-06-17,766.62,1290.7,63.88
2016-06-20,761.44,1281.8,63.09
2016-06-21,730.85,1272.6,62.97
2016-06-22,667.54,1264.85,63.09
2016-06-23,601.3,1262.15,64.41
2016-06-24,624.91,1315.5,63.0
2016-06-27,630.16,1324.55,61.43
2016-06-28,657.5,1309.7,62.6
2016-06-29,646.08,1321.5,64.09
2016-06-30,634.11,1320.75,64.67
2016-07-01,667.95,1340.0,64.77
2016-07-05,680.35,1350.75,64.59
2016-07-06,668.94,1366.25,64.74
2016-07-07,674.7,1356.7,64.92
2016-07-08,638.19,1354.25,65.88
2016-07-11,648.76,1357.1,66.43
2016-07-12,649.32,1342.4,67.31
2016-07-13,663.52,1342.75,67.17
2016-07-14,655.06,1323.6,67.37
2016-07-15,659.1,1327.0,67.51
2016-07-18,679.54,1334.7,67.6
2016-07-19,672.1,1330.9,68.07
2016-07-20,673.48,1315.9,67.74
2016-07-21,667.03,1321.15,67.37
2016-07-22,663.99,1320.75,67.79
2016-07-25,661.47,1313.15,68.44
2016-07-26,654.96,1323.0,68.5
2016-07-27,651.24,1329.0,70.84
2016-07-28,653.48,1341.75,70.87
2016-07-29,653.07,1342.0,70.76
2016-08-01,623.83,1349.65,71.42
2016-08-02,606.35,1363.75,71.2
2016-08-03,540.0,1358.9,71.53
2016-08-04,563.42,1362.75,71.43
2016-08-05,576.13,1340.4,71.18
2016-08-08,592.47,1336.8,70.5
2016-08-09,591.88,1341.0,70.23
2016-08-10,582.75,1347.7,70.32
2016-08-11,590.27,1355.0,70.03
2016-08-12,585.22,1352.2,70.15
2016-08-15,568.76,1339.4,70.09
2016-08-16,565.55,1344.0,69.28
2016-08-17,574.99,1343.35,70.21
2016-08-18,570.91,1350.05,70.32
2016-08-19,571.49,1346.4,70.44
2016-08-22,577.55,1335.9,70.48
2016-08-23,582.78,1342.0,70.56
2016-08-24,580.23,1327.25,70.28
2016-08-25,577.58,1321.3,70.62
2016-08-26,575.71,1318.75,70.49
2016-08-30,571.5,1318.15,71.34
2016-08-31,575.91,1309.25,71.21
2016-09-01,570.75,1309.5,71.64
2016-09-02,571.05,1324.7,71.67
2016-09-06,603.48,1337.25,71.5
2016-09-07,608.16,1348.35,70.9
2016-09-08,615.16,1343.4,70.21
2016-09-09,625.67,1330.85,68.98
2016-09-12,606.32,1324.6,69.48
2016-09-13,608.04,1323.65,69.06
2016-09-14,607.46,1321.75,68.69
2016-09-15,608.5,1310.8,69.52
2016-09-16,606.71,1308.35,69.47
2016-09-19,608.0,1314.85,69.8
2016-09-20,608.72,1313.8,69.62
2016-09-21,600.94,1326.1,70.67
2016-09-22,595.46,1339.1,70.44
2016-09-23,595.41,1338.65,69.46
2016-09-26,598.98,1340.5,68.84
2016-09-27,606.47,1327.0,68.55
2016-09-28,604.26,1322.5,68.21
2016-09-29,603.95,1318.1,67.48
2016-09-30,605.6,1322.5,67.54
2016-10-03,608.6,1313.3,67.05
2016-10-04,611.16,1283.3,66.79
2016-10-05,607.19,1269.4,66.87
2016-10-06,608.49,1254.5,67.35
2016-10-07,610.25,1258.75,67.03
2016-10-10,613.06,1259.5,66.42
2016-10-11,616.0,1253.45,65.94
2016-10-12,639.0,1256.5,66.46
2016-10-13,634.5,1261.05,66.84
2016-10-14,634.02,1251.75,67.24
2016-10-17,638.97,1254.8,66.38
2016-10-18,636.91,1258.2,66.21
2016-10-19,635.95,1269.05,66.4
2016-10-20,627.98,1271.65,65.73
2016-10-21,628.89,1266.05,66.18
2016-10-24,648.74,1265.55,66.3
2016-10-25,648.6,1269.4,66.36
2016-10-26,651.97,1270.5,64.69
2016-10-27,675.11,1266.25,63.95
2016-10-28,684.71,1273.0,64.09
2016-10-31,697.23,1272.0,63.97
2016-11-01,697.01,1288.45,63.52
2016-11-02,726.6,1303.75,63.76
2016-11-03,742.0,1301.0,64.16
2016-11-04,685.22,1302.8,64.68
2016-11-07,709.93,1283.05,65.46
2016-11-08,702.86,1282.35,65.38
2016-11-09,709.31,1281.4,66.93
2016-11-10,721.5,1267.5,67.1
2016-11-11,714.47,1236.45,66.44
2016-11-14,700.38,1213.6,64.73
2016-11-15,703.82,1226.95,64.48
2016-11-16,711.06,1229.2,64.71
2016-11-17,739.71,1226.75,64.86
2016-11-18,735.24,1211.0,65.85
2016-11-21,727.09,1214.25,65.97
2016-11-22,736.76,1212.25,65.58
2016-11-23,749.22,1185.35,65.34
2016-11-25,735.63,1187.7,65.69
2016-11-28,727.32,1187.0,64.58
2016-11-29,729.54,1186.55,64.97
2016-11-30,730.76,1178.1,64.09
2016-12-01,742.06,1161.85,63.55
2016-12-02,751.54,1173.5,63.88
2016-12-05,762.0,1162.2,64.86
2016-12-06,750.24,1172.5,66.52
2016-12-07,758.98,1177.65,67.61
2016-12-08,763.99,1171.05,67.77
2016-12-09,766.84,1163.6,68.62
2016-12-12,768.97,1156.1,68.79
2016-12-13,776.9,1158.55,69.26
2016-12-14,775.35,1162.25,68.26
2016-12-15,777.09,1126.95,68.61
2016-12-16,775.89,1131.6,68.06
2016-12-19,788.67,1136.25,67.7
2016-12-20,791.0,1125.7,68.01
2016-12-21,798.65,1133.65,67.49
2016-12-22,832.75,1131.35,67.21
2016-12-28,930.34,1134.6,67.34
2016-12-29,976.47,1145.9,67.01
2017-01-03,1012.54,1151.0,66.68
2017-01-04,1035.24,1164.25,67.72
2017-01-05,1114.92,1176.7,67.64
2017-01-06,1004.74,1175.85,68.46
2017-01-09,909.75,1178.5,67.77
2017-01-10,896.23,1189.5,67.2
2017-01-11,905.05,1178.55,67.72
2017-01-12,778.62,1205.05,67.4
2017-01-13,807.47,1190.35,67.71
2017-01-17,831.81,1216.05,66.99
2017-01-18,905.99,1214.75,67.25
2017-01-19,887.7,1196.05,67.06
2017-01-20,901.01,1200.55,67.36
2017-01-23,923.76,1212.85,67.32
2017-01-24,913.52,1216.8,67.95
2017-01-25,885.47,1195.0,68.34
2017-01-26,893.43,1189.7,68.83
2017-01-27,914.83,1184.85,68.36
2017-01-30,912.01,1192.8,68.18
2017-01-31,919.99,1212.8,70.54
2017-02-01,963.99,1203.65,70.75
2017-02-02,983.67,1221.95,70.67
2017-02-03,1009.17,1215.2,70.34
2017-02-06,1011.07,1226.75,69.74
2017-02-07,1023.99,1231.0,69.36
2017-02-08,1052.48,1242.1,68.88
2017-02-09,1050.4,1236.8,69.1
2017-02-10,986.0,1228.3,69.77
2017-02-13,1000.73,1222.25,70.7
2017-02-14,1000.79,1230.75,70.78
2017-02-15,1008.88,1224.4,71.25
2017-02-16,1011.53,1240.55,71.34
2017-02-17,1032.7,1241.95,71.51
2017-02-21,1084.0,1233.2,71.37
2017-02-22,1124.62,1236.65,71.24
2017-02-23,1130.01,1247.9,71.45
2017-02-24,1188.11,1253.65,71.45
2017-02-27,1179.05,1257.2,71.15
2017-02-28,1194.64,1255.6,71.11
2017-03-01,1191.21,1240.4,72.18
2017-03-02,1226.39,1238.1,71.25
2017-03-03,1257.6,1226.5,71.09
2017-03-06,1273.0,1230.95,71.36
2017-03-07,1278.49,1216.65,70.93
2017-03-08,1233.05,1209.2,70.73
2017-03-09,1150.05,1206.55,71.08
2017-03-10,1190.89,1202.65,70.96
2017-03-13,1226.62,1204.2,70.78
2017-03-14,1242.46,1204.6,70.71
2017-03-15,1245.86,1198.8,70.82
2017-03-16,1257.32,1229.35,71.16
2017-03-17,1172.62,1229.6,70.88
2017-03-20,1017.97,1232.4,70.77
2017-03-21,1035.96,1241.6,69.74
2017-03-22,1114.39,1249.05,69.7
2017-03-23,1037.56,1247.5,69.73
2017-03-24,1029.65,1247.5,69.85
2017-03-27,960.0,1257.55,69.01
2017-03-28,1039.92,1257.25,69.14
2017-03-29,1043.99,1251.1,68.67
2017-03-30,1035.96,1248.8,69.39
2017-03-31,1033.7,1244.85,69.45
2017-04-03,1078.01,1247.25,68.91
2017-04-04,1144.77,1257.65,68.63
2017-04-05,1143.0,1245.8,69.09
2017-04-06,1134.58,1252.5,69.13
2017-04-07,1190.85,1266.45,69.22
2017-04-10,1206.2,1250.05,69.36
2017-04-11,1209.25,1252.9,69.0
2017-04-12,1218.99,1274.3,68.68
2017-04-13,1212.17,1284.15,68.11
2017-04-18,1176.54,1278.95,69.1
2017-04-19,1202.58,1279.05,69.17
2017-04-20,1203.98,1282.1,70.12
2017-04-21,1234.19,1281.85,69.91
2017-04-24,1241.99,1269.4,70.45
2017-04-25,1253.58,1267.8,70.53
2017-04-26,1269.0,1261.85,69.54
2017-04-27,1287.99,1262.8,68.67
2017-04-28,1331.53,1266.45,68.87
2017-05-02,1390.86,1255.45,68.36
2017-05-03,1447.75,1250.3,67.81
2017-05-04,1503.22,1228.45,67.96
2017-05-05,1537.23,1228.05,67.91
2017-05-08,1554.01,1229.8,67.03
2017-05-09,1649.54,1220.4,66.75
2017-05-10,1720.28,1222.95,66.75
2017-05-11,1772.58,1223.15,67.2
2017-05-12,1828.45,1231.25,67.55
2017-05-15,1784.0,1233.3,67.77
2017-05-16,1705.48,1234.2,67.37
2017-05-17,1700.01,1257.4,66.73
2017-05-18,1782.99,1255.9,66.74
2017-05-19,1878.99,1252.0,67.44
2017-05-22,2017.55,1258.85,67.91
2017-05-23,2099.97,1260.2,67.93
2017-05-24,2264.23,1252.55,67.67
2017-05-25,2420.29,1256.95,68.19
2017-05-26,2292.53,1265.05,67.58
2017-05-30,2292.1,1262.7,67.42
2017-05-31,2203.51,1266.2,67.65
2017-06-01,2298.01,1264.85,67.87
2017-06-02,2413.63,1274.95,67.5
2017-06-05,2530.27,1279.95,67.87
2017-06-06,2698.0,1293.5,68.26
2017-06-07,2880.74,1291.0,69.6
2017-06-08,2683.03,1273.1,70.21
2017-06-09,2806.0,1266.55,70.54
2017-06-12,2954.22,1266.4,70.4
2017-06-13,2667.06,1262.0,71.49
2017-06-14,2703.02,1275.5,71.05
2017-06-15,2450.0,1254.55,70.95
2017-06-16,2424.91,1255.4,71.16
2017-06-19,2516.98,1248.15,71.14
2017-06-20,2598.0,1242.2,70.27
2017-06-21,2740.0,1242.5,69.76
2017-06-22,2657.04,1250.8,69.53
2017-06-23,2713.48,1255.7,69.86
2017-06-26,2502.03,1245.25,70.3
2017-06-27,2421.22,1249.55,70.68
2017-06-28,2565.0,1248.0,71.63
2017-06-29,2559.9,1243.5,71.54
2017-06-30,2541.59,1242.25,71.49
2017-07-03,2504.37,1229.25,71.650002
2017-07-05,2596.12,1220.3,71.68
2017-07-06,2602.9,1224.9,71.26
2017-07-07,2600.39,1215.65,71.63
2017-07-10,2502.28,1211.9,71.34
2017-07-11,2323.45,1211.05,71.2
2017-07-12,2305.98,1218.8,71.33
2017-07-13,2388.0,1218.9,71.54
2017-07-14,2339.99,1230.3,71.06
2017-07-17,1917.63,1234.1,71.49
2017-07-18,2226.0,1240.75,71.7
2017-07-19,2303.71,1242.15,71.81
2017-07-20,2265.21,1238.7,72.02
2017-07-21,2875.03,1248.55,72.74
2017-07-24,2749.02,1255.55,72.64
2017-07-25,2759.98,1254.4,72.74
2017-07-26,2564.82,1248.1,74.45
2017-07-27,2524.99,1261.1,74.33
2017-07-28,2666.33,1264.9,74.37
2017-07-31,2742.37,1267.55,74.37
2017-08-01,2855.81,1270.95,74.78
2017-08-02,2731.0,1269.6,74.67
2017-08-03,2703.51,1268.1,75.09
2017-08-04,2793.37,1257.7,75.11
2017-08-07,3222.75,1258.0,75.01
2017-08-08,3387.55,1261.8,75.25
2017-08-09,3412.41,1271.05,76.25
2017-08-10,3342.99,1284.4,75.92
2017-08-11,3413.03,1286.1,75.5
2017-08-14,4053.87,1282.3,76.8
2017-08-15,4306.23,1270.3,77.0
2017-08-16,4155.67,1272.75,77.12
2017-08-17,4378.84,1285.15,76.28
2017-08-18,4276.5,1295.8,74.91
2017-08-21,4058.68,1292.9,75.29
2017-08-22,3987.52,1284.2,76.44
2017-08-23,4085.0,1286.65,75.69
2017-08-24,4108.12,1289.0,74.94
2017-08-25,4300.34,1285.3,75.75
2017-08-29,4379.99,1318.65,75.21
2017-08-30,4578.82,1308.5,75.08
2017-08-31,4573.2,1311.75,75.38
2017-09-01,4734.26,1320.4,75.37
2017-09-05,4277.0,1335.55,74.38
2017-09-06,4396.52,1337.85,74.19
2017-09-07,4605.8,1343.5,73.72
2017-09-08,4615.0,1346.25,74.35
2017-09-11,4226.22,1334.2,74.17
2017-09-12,4207.31,1326.5,75.03
2017-09-13,4172.56,1327.55,74.74
2017-09-14,3865.34,1324.55,74.7
2017-09-15,3227.79,1322.85,74.75
2017-09-18,3662.99,1312.1,75.09
2017-09-19,4101.6,1309.6,76.32
2017-09-20,3888.8,1311.3,76.74
2017-09-21,3874.46,1292.1,76.1
2017-09-22,3617.05,1294.8,76.42
2017-09-25,3664.22,1293.3,77.12
2017-09-26,3918.0,1300.05,76.37
2017-09-27,3888.03,1282.55,77.13
2017-09-28,4199.29,1283.35,77.63
2017-09-29,4184.84,1283.1,77.57
2017-10-02,4377.22,1273.7,77.79
2017-10-03,4391.48,1271.25,77.75
2017-10-04,4315.83,1274.25,77.57
2017-10-05,4219.53,1274.5,77.65
2017-10-06,4301.09,1261.8,73.9
2017-10-09,4597.98,1278.75,74.5
2017-10-10,4764.7,1291.4,74.56
2017-10-11,4749.29,1289.25,75.63
2017-10-12,4822.01,1290.25,74.91
2017-10-13,5445.0,1299.6,74.34
2017-10-16,5679.7,1303.3,74.11
2017-10-17,5745.72,1284.75,74.71
2017-10-18,5597.31,1280.2,74.6
2017-10-19,5582.05,1286.4,72.94
2017-10-20,5698.69,1281.2,72.92
2017-10-23,5969.0,1274.9,73.49
2017-10-24,5871.17,1276.45,73.45
2017-10-25,5523.4,1275.0,72.44
2017-10-26,5735.88,1273.75,72.29
2017-10-27,5890.0,1266.45,72.34
2017-10-30,6137.37,1272.0,72.4
2017-10-31,6119.99,1270.15,72.65
2017-11-01,6434.21,1277.05,72.41
2017-11-02,6741.59,1279.2,73.17
2017-11-03,7030.0,1267.2,72.4
2017-11-06,7372.72,1270.9,71.97
2017-11-07,6967.68,1275.6,72.02
2017-11-08,7130.28,1284.0,72.74
2017-11-09,7450.32,1284.8,73.73
2017-11-10,7148.0,1284.3,73.57
2017-11-13,5870.37,1277.95,75.41
2017-11-14,6525.17,1274.6,75.97
2017-11-15,6609.0,1282.2,75.93
2017-11-16,7294.0,1280.0,75.97
2017-11-17,7846.96,1284.35,75.95
2017-11-20,8016.58,1286.2,76.89
2017-11-21,8226.17,1283.3,77.24
2017-11-22,8095.23,1286.95,77.17
2017-11-24,7989.0,1290.5,77.25
2017-11-27,9271.06,1294.9,77.23
2017-11-28,9708.07,1291.85,78.34
2017-11-29,9868.82,1283.85,78.56
2017-11-30,9824.68,1280.2,79.16
2017-12-01,9947.67,1275.5,79.26
2017-12-04,11250.0,1273.45,78.93
2017-12-05,11613.07,1266.3,78.51
2017-12-06,11677.0,1263.7,78.32
2017-12-07,13623.5,1255.0,77.79
2017-12-08,16599.99,1250.65,78.78
2017-12-11,14691.0,1247.15,79.22
2017-12-12,16470.0,1240.9,79.27
2017-12-13,16650.01,1242.65,78.21
2017-12-14,16250.0,1251.0,77.47
2017-12-15,16404.99,1254.6,77.51
2017-12-18,18953.0,1260.6,76.97
2017-12-19,18940.57,1260.35,76.11
2017-12-20,17700.0,1264.55,75.05
2017-12-21,16466.98,1264.55,75.4
2017-12-27,15764.44,1279.4,76.34
2017-12-28,15364.93,1291.0,76.67
2018-01-02,13443.41,1312.05,76.74
2018-01-03,14678.94,1314.9,77.66
2018-01-04,15155.62,1314.5,78.69
2018-01-05,15143.67,1317.15,79.21
2018-01-08,16124.02,1319.95,79.96
2018-01-09,14999.99,1311.0,80.17
2018-01-10,14403.51,1319.75,81.23
2018-01-11,14890.02,1323.05,80.46
2018-01-12,13243.83,1326.8,81.43
2018-01-16,13607.04,1333.85,80.42
2018-01-17,11386.34,1335.65,80.46
2018-01-18,11191.35,1332.2,79.83
2018-01-19,11247.57,1334.95,80.07
2018-01-22,11558.87,1332.6,80.63
2018-01-23,10808.99,1333.4,80.21
2018-01-24,10851.82,1353.7,81.17
2018-01-25,11400.96,1354.95,81.18
2018-01-26,11155.54,1353.15,81.36
2018-01-29,11685.58,1343.85,81.65
2018-01-30,11162.62,1344.9,81.85
2018-01-31,9971.0,1345.05,80.91
2018-02-01,10149.0,1341.35,81.37
2018-02-02,8998.99,1331.15,80.34
2018-02-05,8191.0,1333.6,77.47
2018-02-06,6874.27,1331.4,77.72
2018-02-07,7737.37,1324.65,77.27
2018-02-08,7588.01,1315.45,75.21
2018-02-09,8259.76,1314.1,76.11
2018-02-12,8067.0,1322.3,77.56
2018-02-13,8899.0,1325.35,78.5
2018-02-14,8522.99,1336.25,79.76
2018-02-15,9490.98,1352.45,80.38
2018-02-16,10018.0,1352.1,79.02
2018-02-20,11173.0,1339.85,78.8
2018-02-21,11233.41,1330.5,79.12
2018-02-22,10449.4,1328.35,78.2
2018-02-23,9843.34,1327.95,80.48
2018-02-26,9590.04,1333.5,81.66
2018-02-27,10324.7,1325.75,81.69
2018-02-28,10566.3,1317.85,80.75
2018-03-01,10314.9,1307.75,79.6
2018-03-02,10903.13,1322.3,80.59
2018-03-05,11463.27,1320.4,81.77
2018-03-06,11419.24,1331.4,83.91
2018-03-07,10723.76,1329.4,83.95
2018-03-08,9913.03,1321.0,84.86
2018-03-09,9285.32,1320.6,86.53
2018-03-12,9535.04,1319.15,85.89
2018-03-13,9120.75,1322.75,85.25
2018-03-14,9142.32,1323.55,84.37
2018-03-15,8196.69,1318.75,84.08
2018-03-16,8265.05,1310.1,83.97
2018-03-19,8188.24,1312.4,83.62
2018-03-20,8596.93,1311.0,84.15
2018-03-21,8904.02,1321.35,84.21
2018-03-22,8893.79,1329.15,82.02
2018-03-23,8704.67,1346.6,80.72
2018-03-26,8453.9,1352.4,83.5
2018-03-27,8149.66,1341.45,81.92
2018-03-28,7791.7,1332.45,83.49
2018-03-29,7932.41,1323.85,86.22
2018-04-03,7052.76,1333.45,86.65
2018-04-04,7416.27,1337.3,86.22
2018-04-05,6799.95,1327.7,86.31
2018-04-06,6771.69,1331.2,85.2
2018-04-09,7027.26,1331.95,85.29
2018-04-10,6780.1,1338.95,85.95
2018-04-11,6835.67,1350.75,85.75
2018-04-12,6940.94,1341.35,86.62
2018-04-13,7923.78,1343.7,85.93
2018-04-16,8354.22,1349.35,85.98
2018-04-17,8048.15,1342.1,85.9
2018-04-18,7890.87,1351.45,85.65
2018-04-19,8172.84,1348.6,86.94
2018-04-20,8271.31,1336.75,87.42
2018-04-23,8789.96,1324.3,86.95
2018-04-24,8946.95,1328.85,86.25
2018-04-25,9648.0,1321.65,87.79
2018-04-26,8864.99,1320.7,88.16
2018-04-27,9274.48,1321.5,88.8
2018-04-30,9393.99,1313.2,88.32
2018-05-01,9242.17,1307.1,89.01
2018-05-02,9066.9,1304.2,87.91
2018-05-03,9222.0,1315.05,86.01
2018-05-04,9732.43,1309.4,87.7
2018-05-08,9359.52,1306.6,88.36
2018-05-09,9167.69,1313.85,90.09
2018-05-10,9308.49,1318.8,90.37
2018-05-11,9020.99,1324.35,90.54
2018-05-14,8696.58,1319.85,90.4
2018-05-15,8674.36,1295.0,89.95
2018-05-16,8474.99,1291.25,90.24
2018-05-17,8346.59,1289.5,90.57
2018-05-18,8067.03,1288.3,90.07
2018-05-21,8518.48,1288.35,91.21
2018-05-22,8391.76,1293.05,91.51
2018-05-23,7984.08,1289.0,91.89
2018-05-24,7502.89,1304.85,92.61
2018-05-25,7586.88,1303.5,92.78
2018-05-29,7112.5,1295.5,92.2
2018-05-30,7469.45,1300.7,93.44
2018-05-31,7375.73,1305.35,91.86
2018-06-01,7492.28,1294.6,92.09
2018-06-04,7703.67,1295.45,93.11
2018-06-05,7488.26,1292.05,93.3
2018-06-06,7617.98,1300.1,94.87
2018-06-07,7658.57,1297.25,95.23
2018-06-08,7689.28,1298.25,95.13
2018-06-11,6781.17,1299.6,95.11
2018-06-12,6880.61,1298.65,95.32
2018-06-13,6557.67,1296.15,95.31
2018-06-14,6307.4,1302.75,94.77
2018-06-15,6646.1,1285.25,94.92
2018-06-18,6453.41,1281.55,94.21
2018-06-19,6707.5,1276.15,93.99
2018-06-20,6736.52,1274.2,93.89
2018-06-21,6756.58,1266.15,94.13
2018-06-22,6718.33,1269.15,93.6
2018-06-25,6153.4,1268.7,91.87
2018-06-26,6253.61,1260.3,91.65
2018-06-27,6068.0,1254.6,91.12
2018-06-28,6135.64,1251.55,91.55
2018-06-29,5848.33,1250.45,91.27
2018-07-02,6349.99,1247.8,91.67
2018-07-03,6612.98,1251.75,90.14
2018-07-05,6584.25,1255.5,90.33
2018-07-06,6533.69,1255.35,90.11
2018-07-09,6706.6,1262.05,91.18
2018-07-10,6666.75,1254.0,90.76
2018-07-11,6299.46,1251.4,91.38
2018-07-12,6380.0,1245.9,93.37
2018-07-13,6243.88,1241.7,93.11
2018-07-16,6349.3,1241.1,93.89
2018-07-17,6721.04,1232.8,94.45
2018-07-18,7310.71,1224.5,95.59
2018-07-19,7378.1,1217.55,95.0
2018-07-20,7471.42,1228.75,95.0
2018-07-23,7396.6,1224.95,95.51
2018-07-24,7719.62,1228.35,95.23
2018-07-25,8403.83,1231.5,94.11
2018-07-26,8174.06,1228.25,94.06
2018-07-27,7926.0,1223.95,95.68
2018-07-30,8216.74,1223.8,92.51
2018-07-31,8160.21,1220.95,91.4
2018-08-01,7725.43,1219.0,91.39
2018-08-02,7602.01,1215.45,91.75
2018-08-03,7536.37,1216.3,91.49
2018-08-06,7032.61,1209.65,91.94
2018-08-07,6936.11,1212.35,93.35
2018-08-08,6717.68,1209.55,92.96
2018-08-09,6283.59,1214.35,92.82
2018-08-10,6543.76,1214.4,92.12
2018-08-13,6310.82,1200.35,92.0
2018-08-14,6252.63,1197.0,92.56
2018-08-15,6193.62,1182.0,92.1
2018-08-16,6272.3,1180.4,92.69
2018-08-17,6313.51,1178.4,93.04
2018-08-20,6481.99,1184.35,93.16
2018-08-21,6260.82,1190.95,92.53
2018-08-22,6479.27,1196.65,92.86
2018-08-23,6355.76,1192.35,93.31
2018-08-24,6525.01,1197.7,94.73
2018-08-28,6904.51,1212.25,95.1
2018-08-29,7080.94,1204.2,94.85
2018-08-30,7032.96,1197.3,94.5
2018-08-31,6984.01,1202.45,95.44
2018-09-04,7258.99,1190.85,96.74
2018-09-05,7361.0,1196.7,94.5
2018-09-06,6679.3,1205.15,93.08
2018-09-07,6493.09,1198.9,93.15
2018-09-10,6236.04,1196.6,93.4
2018-09-11,6301.99,1189.85,93.76
2018-09-12,6279.99,1195.6,91.52
2018-09-13,6322.45,1209.8,91.85
2018-09-14,6485.7,1201.95,90.73
2018-09-17,6499.98,1201.9,89.12
2018-09-18,6254.52,1200.2,90.09
2018-09-19,6332.34,1203.3,89.97
2018-09-20,6388.4,1208.35,89.85
2018-09-21,6492.98,1198.7,90.55
2018-09-24,6702.22,1202.75,89.89
2018-09-25,6581.52,1201.9,87.68
2018-09-26,6428.99,1194.25,85.92
2018-09-27,6461.51,1185.4,86.45
2018-09-28,6681.62,1187.25,85.8
2018-10-01,6597.81,1189.35,87.13
2018-10-02,6571.2,1204.7,85.92
2018-10-03,6500.0,1201.2,85.76
2018-10-04,6456.77,1203.45,85.83
2018-10-05,6547.56,1203.8,85.53
2018-10-08,6577.63,1186.95,84.94
2018-10-09,6604.75,1185.55,84.45
2018-10-10,6588.8,1188.6,81.97
2018-10-11,6517.55,1205.55,79.65
2018-10-12,6152.76,1219.75,80.02
2018-10-15,6183.0,1229.95,80.01
2018-10-16,6441.74,1230.7,81.93
2018-10-17,6461.2,1229.05,80.63
2018-10-18,6437.29,1223.0,79.96
2018-10-19,6396.18,1227.85,80.72
2018-10-22,6413.38,1222.3,81.01
2018-10-23,6406.06,1235.95,81.65
2018-10-24,6393.41,1230.55,81.49
2018-10-25,6411.96,1230.8,83.59
2018-10-26,6393.53,1233.85,83.51
2018-10-29,6405.57,1230.8,84.08
2018-10-30,6266.52,1225.4,85.83
2018-10-31,6269.46,1214.95,86.71
2018-11-01,6303.27,1231.15,87.0
2018-11-02,6340.99,1232.1,87.0
2018-11-05,6421.76,1232.25,88.76
2018-11-06,6403.2,1231.6,89.61
2018-11-07,6447.5,1229.95,90.76
2018-11-08,6501.0,1224.15,91.34
2018-11-09,6405.49,1211.4,90.4
2018-11-12,6357.54,1205.55,88.6
2018-11-13,6318.0,1202.1,88.65
2018-11-14,6260.91,1203.25,85.89
2018-11-15,5595.91,1211.85,88.08
2018-11-16,5585.0,1222.4,88.74
2018-11-19,5559.26,1221.6,88.99
2018-11-20,4735.44,1223.0,87.43
2018-11-21,4352.0,1226.1,87.26
2018-11-23,4275.23,1223.65,87.86
2018-11-26,3938.89,1223.4,89.43
2018-11-27,3727.34,1221.2,89.46
2018-11-28,3771.01,1213.25,89.93
2018-11-29,4220.16,1226.25,90.39
2018-11-30,4249.8,1217.55,91.32
2018-12-03,4102.05,1230.3,92.65
2018-12-04,3834.34,1240.3,90.4
2018-12-06,3696.69,1242.55,89.89
2018-12-07,3437.26,1243.3,87.36
2018-12-10,3529.75,1245.35,87.1
2018-12-11,3408.0,1245.3,87.31
2018-12-12,3353.42,1245.75,87.49
2018-12-13,3430.18,1242.75,87.02
2018-12-14,3262.73,1235.35,86.54
2018-12-17,3193.78,1241.65,85.25
2018-12-18,3496.73,1246.3,83.74
2018-12-19,3667.16,1255.0,83.01
2018-12-20,3684.5,1259.75,81.01
2018-12-21,4073.77,1258.15,79.51
2018-12-27,3810.01,1268.0,80.69
2018-12-28,3591.69,1279.0,80.53
2019-01-02,3823.44,1282.9,81.0
2019-01-03,3885.87,1290.45,78.82
2019-01-04,3787.81,1279.9,81.95
2019-01-07,4040.71,1292.2,79.81
2019-01-08,4005.45,1286.45,79.58
2019-01-09,3994.9,1288.6,79.97
2019-01-10,4000.18,1291.9,80.55
2019-01-11,3630.0741836012,1288.95,80.7
2019-01-14,3647.9906918924,1292.75,80.53
2019-01-15,3582.686307822,1294.4,81.04
2019-01-16,3607.3621847766,1292.3,82.96
2019-01-17,3635.5312630704,1290.7,82.44
2019-01-18,3604.4279580823,1284.2,83.14
2019-01-22,3594.492429083,1282.1,83.4
2019-01-23,3563.3733546519,1279.8,84.73
2019-01-24,3582.0187661398,1283.7,84.99
2019-01-25,3570.2354388832,1293.9,85.69
2019-01-28,3443.6096483007,1302.15,86.07
2019-01-29,3415.8733465164,1307.55,85.81
2019-01-30,3464.5474582288,1310.7,86.69
2019-01-31,3436.1704537032,1323.25,88.04
2019-02-01,3466.3437835513,1318.7,87.38
2019-02-04,3460.0016432765,1312.15,86.96
2019-02-05,3468.1264637287,1314.2,86.81
2019-02-06,3407.1649525681,1312.4,86.93
2019-02-07,3391.2629475976,1310.0,86.82
2019-02-08,3657.5602101884,1314.85,87.06
2019-02-11,3625.4286914084,1306.4,86.7
2019-02-12,3630.9139629006,1310.0,87.57
2019-02-13,3613.6903152628,1312.8,87.99
2019-02-14,3594.3313908011,1311.45,87.16
2019-02-15,3627.9908479298,1316.55,87.76
2019-02-19,3921.4549708053,1334.15,87.82
2019-02-20,3974.7038217072,1343.75,88.08
2019-02-21,3943.4587120962,1331.25,88.07
2019-02-22,3979.4062850395,1329.05,89.04
2019-02-25,3840.8796881483,1331.05,90.14
2019-02-26,3815.088169357,1325.05,91.1
2019-02-27,3827.371567457,1322.85,90.8
2019-02-28,3822.9592902874,1319.15,91.57
2019-03-01,3832.7493374506,1311.95,91.99
2019-03-04,3729.321673549,1285.4,90.15
2019-03-05,3876.0172825415,1283.8,88.74
2019-03-06,3875.5185244201,1285.85,87.67
2019-03-07,3889.6970671184,1285.3,85.97
2019-03-08,3876.1680473133,1296.75,83.44
2019-03-11,3878.8704217393,1292.75,84.02
2019-03-12,3892.2228036484,1297.05,83.82
2019-03-13,3876.2592321526,1306.95,85.05
2019-03-14,3886.6155146576,1295.55,83.99
2019-03-15,3934.4276118284,1303.5,83.55
2019-03-18,3989.3750085845,1305.6,84.24
2019-03-19,4022.4108022932,1307.7,84.14
2019-03-20,4052.4422323745,1303.7,83.36
2019-03-21,3990.9567783699,1309.6,84.35
2019-03-22,3993.9136770358,1311.3,83.89
2019-03-25,3933.7224013267,1319.55,84.91
2019-03-26,3948.9332543568,1316.3,85.82
2019-03-27,4044.1944268411,1309.7,86.1
2019-03-28,4035.9164090038,1295.15,86.74
2019-03-29,4111.8907686387,1295.4,87.49
2019-04-01,4149.8510714107,1293.5,88.4
2019-04-02,4885.4908846709,1290.3,89.01
2019-04-03,4978.5302506274,1290.45,89.3
2019-04-04,4907.7793811485,1283.15,89.18
2019-04-05,5025.8097376474,1288.45,88.59
2019-04-08,5262.5804595461,1300.0,88.76
2019-04-09,5170.9793813017,1303.0,87.7
2019-04-10,5311.0307865661,1305.45,87.5
2019-04-11,5034.7065237423,1298.8,87.03
2019-04-12,5066.8222958849,1294.3,87.8
2019-04-15,5029.9842550084,1285.65,88.47
2019-04-16,5180.8199118877,1276.35,89.75
2019-04-17,5213.2527828638,1275.85,90.2
2019-04-18,5270.3854313915,1275.7,89.99
2019-04-23,5514.9297331239,1269.5,89.65
2019-04-24,5431.4462078777,1271.65,89.18
2019-04-25,5188.6256987724,1280.8,89.44
2019-04-26,5314.9987415337,1284.2,89.86
2019-04-29,5280.2341549374,1279.5,91.45
2019-04-30,5368.8243221485,1282.3,92.2
2019-05-01,5420.0896708475,1283.8,92.32
2019-05-02,5545.6974882486,1270.95,92.26
2019-05-03,5811.7292620786,1278.55,92.12
2019-05-07,5872.3432731364,1281.2,90.9
2019-05-08,6016.3905646678,1285.2,90.99
2019-05-09,6203.3633875238,1286.1,91.16
2019-05-10,6381.1886575946,1287.1,92.51
2019-05-13,7795.1487683972,1295.6,90.9
2019-05-14,7957.5994193349,1298.4,91.17
2019-05-15,8177.0019329247,1299.1,90.76
2019-05-16,7868.6497931805,1291.7,90.93
2019-05-17,7374.9662447996,1280.8,90.3
2019-05-20,7974.1500827965,1276.85,90.26
2019-05-21,7942.5407241895,1271.15,91.28
2019-05-22,7659.2818201063,1273.8,90.36
2019-05-23,7857.3284863869,1283.65,90.02
2019-05-24,7972.6953595885,1282.5,90.03
2019-05-28,8721.4510731561,1278.3,89.97
2019-05-29,8656.0018197821,1281.65,90.34
2019-05-30,8272.5286663998,1280.95,90.65
2019-05-31,8549.8038000054,1295.55,90.64
2019-06-03,8125.5777081822,1317.1,90.71
2019-06-04,7687.9339612221,1324.25,92.76
2019-06-05,7781.1173453546,1335.05,96.18
2019-06-06,7793.5231218352,1335.5,95.89
2019-06-07,7989.0617212972,1340.65,96.16
2019-06-10,7993.3367175023,1328.6,96.67
2019-06-11,7893.1296939661,1324.3,95.26
2019-06-12,8128.7494363447,1332.35,95.45
2019-06-13,8214.4460485744,1335.9,95.44
2019-06-14,8674.0643064962,1351.25,95.71
2019-06-17,9324.638689518,1341.3,95.17
2019-06-18,9083.2203137287,1341.35,95.91
2019-06-19,9265.1146160328,1344.05,96.51
2019-06-20,9528.7006143539,1379.5,97.74
2019-06-21,10165.9785016764,1397.15,98.29
2019-06-24,11055.0098231072,1405.7,96.87
2019-06-25,11750.0489143354,1431.4,98.0
2019-06-26,12903.323814028,1403.95,94.61
2019-06-27,11211.6522221834,1402.5,96.17
2019-06-28,12378.092324592,1409.0,96.17
2019-07-01,10611.6071233298,1390.1,97.15
2019-07-02,10846.9160823988,1391.05,99.66
2019-07-03,11953.2139642549,1413.5,101.42
2019-07-05,10982.7272249927,1388.65,101.05
2019-07-08,12264.9246620836,1400.1,100.84
2019-07-09,12551.2642479517,1391.55,101.61
2019-07-10,12103.1314140786,1408.3,103.02
2019-07-11,11365.2770367985,1413.75,104.01
2019-07-12,11765.3214602141,1407.6,104.28
2019-07-15,10839.4572944054,1412.4,104.22
2019-07-16,9459.8666238159,1409.85,103.29
2019-07-17,9675.6637325724,1410.35,102.64
2019-07-18,10629.7460551722,1417.45,103.14
2019-07-19,10512.3679399352,1439.7,101.73
2019-07-22,10334.9038221723,1427.75,101.78
2019-07-23,9859.8924255553,1425.55,100.86
2019-07-24,9765.7119962752,1426.95,98.22
2019-07-25,9881.794251163,1416.1,97.61
2019-07-26,9829.8993995416,1420.4,98.06
2019-07-29,9505.4109488656,1419.05,96.67
2019-07-30,9577.8309255399,1425.9,96.8
2019-07-31,10082.5739756192,1427.55,96.37
2019-08-01,10382.9899484681,1406.8,97.65
2019-08-02,10524.00886499,1441.75,97.95
2019-08-05,11825.4743932598,1465.25,94.36
2019-08-06,11478.1589992859,1465.25,95.85
2019-08-07,11976.4836629271,1506.05,96.12
2019-08-08,11999.4327839406,1495.75,98.26
2019-08-09,11876.6485522881,1497.7,98.54
2019-08-12,11396.1450698926,1504.7,96.58
2019-08-13,10889.3330450319,1498.4,97.93
2019-08-14,10050.3619782239,1513.25,95.32
2019-08-15,10296.62691302,1515.65,96.98
2019-08-16,10339.2194185104,1515.25,97.53
2019-08-19,10918.7526205924,1496.6,99.42
2019-08-20,10764.8473167773,1504.55,98.91
2019-08-21,10140.9116527626,1503.25,99.32
2019-08-22,10104.1114036095,1502.05,100.13
2019-08-23,10393.6940967987,1503.8,97.52
2019-08-27,10182.2218418292,1532.95,98.27
2019-08-28,9738.02929994,1537.15,98.53
2019-08-29,9496.776215749,1540.2,99.77
2019-08-30,9584.8578446021,1528.4,99.84
2019-09-03,10619.0574215726,1537.85,99.53
2019-09-04,10569.001655087,1546.1,99.91
2019-09-05,10566.2186072266,1529.1,102.02
2019-09-06,10300.4765562265,1523.7,104.26
2019-09-09,10304.5468489185,1509.2,102.84
2019-09-10,10100.14552767,1498.25,98.15
2019-09-11,10158.8726349539,1490.65,98.18
2019-09-12,10418.7385061744,1515.2,99.0
2019-09-13,10348.1650104003,1503.1,99.52
2019-09-16,10257.3582051856,1497.2,99.28
2019-09-17,10189.5771605913,1502.1,102.73
2019-09-18,10158.9641189889,1503.5,102.62
2019-09-19,10257.9469387187,1500.7,101.68
2019-09-20,10170.2909530363,1501.9,100.68
2019-09-23,9700.6495831087,1522.1,100.25
2019-09-24,8511.6906398749,1520.65,101.37
2019-09-25,8436.7326216421,1528.75,102.76
2019-09-26,8065.3025651273,1506.4,101.82
2019-09-27,8181.3694766958,1489.9,100.08
2019-09-30,8296.3886430116,1485.3,99.35
2019-10-01,8301.6814934527,1473.45,98.59
2019-10-02,8366.3890702555,1492.6,95.74
2019-10-03,8228.9047696448,1517.1,97.14
2019-10-04,8141.3253212042,1499.15,99.23
2019-10-07,8197.5778772523,1501.25,99.01
2019-10-08,8173.1591367503,1505.85,97.08
2019-10-09,8571.3590181977,1507.25,97.33
2019-10-10,8565.8115853723,1494.8,98.56
2019-10-11,8260.8329353844,1479.15,99.31
2019-10-14,8350.314759748,1490.6,98.35
2019-10-15,8161.1402388801,1487.8,97.92
2019-10-16,7995.3256495059,1485.1,98.06
2019-10-17,8071.3832077056,1492.65,98.33
2019-10-18,7950.8961548331,1490.0,98.62
2019-10-21,8202.0862162946,1491.65,98.16
2019-10-22,8025.0719322863,1485.35,97.86
2019-10-23,7471.1589973921,1494.45,101.31
2019-10-24,7418.5262346584,1496.55,100.99
2019-10-25,8658.3016509662,1513.45,98.43
2019-10-28,9211.4665469584,1492.4,98.73
2019-10-29,9412.1023670924,1486.75,98.64
2019-10-30,9156.3874189814,1492.1,100.06
2019-10-31,9145.2006245171,1510.95,99.77
2019-11-01,9238.9718420193,1508.8,99.23
2019-11-04,9401.717713962,1509.45,98.59
2019-11-05,9312.4022405088,1488.95,98.42
2019-11-06,9340.306046505,1486.05,99.92
2019-11-07,9213.4127442442,1484.25,100.53
2019-11-08,8773.0343883968,1464.15,100.66
2019-11-11,8731.9686604284,1458.7,102.53
2019-11-12,8820.7680329195,1452.05,102.45
2019-11-13,8775.2672243128,1462.9,103.27
2019-11-14,8645.182663116,1466.65,103.26
2019-11-15,8471.0558662568,1466.9,103.59
2019-11-18,8187.8363349609,1467.65,104.6
2019-11-19,8133.150977968,1468.45,105.07
2019-11-20,8097.41969384,1471.7,105.7
2019-11-21,7629.190563929,1467.05,104.74
2019-11-22,7273.0948121023,1464.45,104.37
2019-11-25,7117.6177154622,1458.4,104.64
2019-11-26,7157.893918598,1454.65,104.83
2019-11-27,7512.8570371165,1454.35,104.25
2019-11-29,7745.0348340722,1460.15,104.8
2019-12-02,7297.7078821517,1461.15,104.46
2019-12-03,7294.6242706906,1477.3,104.48
2019-12-04,7197.6719625872,1475.1,105.21
2019-12-05,7392.8168180117,1475.95,104.67
2019-12-06,7533.1293752008,1459.65,105.23
2019-12-09,7342.6199759766,1461.7,104.64
2019-12-10,7225.3074233917,1464.95,104.61
2019-12-11,7210.0876134764,1466.8,103.89
2019-12-12,7198.6022936834,1467.8,104.13
2019-12-13,7258.7167347335,1466.6,104.48
2019-12-16,6895.3146926318,1477.9,105.2
2019-12-17,6629.0929027636,1475.8,106.0
2019-12-18,7284.1780932234,1474.05,105.92
2019-12-19,7152.4140419471,1476.7,107.02
2019-12-20,7190.9963418035,1479.0,107.6
2019-12-23,7318.440444933,1482.1,107.17
2019-12-27,7255.6701665704,1511.5,107.99
2019-12-30,7241.667478801,1514.75,107.02
2020-01-02,6963.684559163,1527.1,107.82
2020-01-03,7345.3558209988,1548.75,108.28
2020-01-06,7759.0804717181,1573.1,108.21
2020-01-07,8149.5351228741,1567.85,106.42
2020-01-08,8053.347987364,1571.95,105.83
2020-01-09,7817.2212682397,1550.75,107.35
2020-01-10,8195.8072873323,1553.6,106.84
2020-01-13,8108.3632792892,1549.9,107.09
2020-01-14,8807.334339349,1545.1,106.55
2020-01-15,8818.4872110437,1549.0,107.86
2020-01-16,8719.2622552287,1554.55,108.31
2020-01-17,8907.7196776814,1557.6,109.31
2020-01-21,8733.2473162409,1551.3,109.25
2020-01-22,8677.8054361553,1556.9,109.14
2020-01-23,8400.5744963589,1562.9,109.63
2020-01-24,8437.2725852958,1564.3,110.21
2020-01-27,8906.4413558376,1580.1,109.78
2020-01-28,9380.0205151681,1574.0,111.14
2020-01-29,9298.8680725597,1573.45,115.34
2020-01-30,9511.378609873,1578.25,115.96
2020-01-31,9350.8327699021,1584.2,116.46
2020-02-03,9291.6536706775,1574.75,117.79
2020-02-04,9192.4269510998,1558.35,118.67
2020-02-05,9612.3193502525,1553.3,116.47
2020-02-06,9767.8054327516,1563.3,115.85
2020-02-07,9812.2922201207,1572.65,114.33
2020-02-10,9851.719763649,1573.2,115.73
2020-02-11,10234.7108732377,1570.5,114.8
2020-02-12,10332.0114027201,1563.7,114.06
2020-02-13,10228.9940531003,1575.05,114.4
2020-02-14,10347.6334326166,1581.4,116.2
2020-02-18,10170.9663703826,1589.85,115.67
2020-02-19,9625.8253941466,1604.2,115.27
2020-02-20,9604.2695663581,1619.0,114.49
2020-02-21,9682.7499365159,1643.3,115.18
2020-02-24,9657.3870158678,1671.65,114.74
2020-02-25,9314.854631388,1650.3,112.41
2020-02-26,8786.8264527656,1634.9,113.02
2020-02-27,8823.0040554095,1652.0,107.45
2020-02-28,8698.141486493,1609.85,102.55
2020-03-02,8916.8103270907,1599.65,110.12
2020-03-03,8762.0688630375,1615.5,110.07
2020-03-04,8753.4622522508,1641.85,116.37
2020-03-05,9059.8251861703,1659.6,114.1
2020-03-06,9134.9743215876,1683.65,110.5
2020-03-09,7921.2090286758,1672.5,105.72
2020-03-10,7896.210046701,1655.7,104.7
2020-03-11,7938.6014241321,1653.75,99.32
2020-03-12,4830.6628758234,1570.7,88.63
2020-03-13,5603.9364863483,1562.8,96.05
2020-03-16,5035.2994460961,1487.7,85.31
2020-03-17,5322.06013862,1536.2,95.03
2020-03-18,5391.8384053663,1498.2,91.57
2020-03-19,6169.0011370549,1474.25,88.0
2020-03-20,6207.3556086549,1494.4,80.5
2020-03-23,6474.8496328552,1525.4,72.86
2020-03-24,6751.2902057769,1605.75,82.99
2020-03-25,6680.9884415431,1605.45,86.96
2020-03-26,6741.3259669459,1634.8,93.82
2020-03-27,6362.5594769539,1617.3,92.78
2020-03-30,6397.3653877698,1618.3,99.44
2020-03-31,6413.0222715429,1608.95,94.95
2020-04-01,6649.1374828259,1576.55,92.27
2020-04-02,6797.3997326233,1616.8,93.96
2020-04-03,6735.3784783336,1613.1,95.22
2020-04-06,7332.9799043221,1648.3,101.59
2020-04-07,7198.306225914,1649.25,100.94
2020-04-08,7363.0223562589,1647.8,104.13
2020-04-09,7285.6709859441,1680.65,107.92
2020-04-14,6870.2458954633,1741.9,107.56
2020-04-15,6622.6488233867,1718.65,106.0
2020-04-16,7105.0958895169,1729.5,108.31
2020-04-17,7030.584810462,1692.55,111.24
2020-04-20,6854.4540053392,1686.2,109.78
2020-04-21,6844.7642514675,1682.05,105.27
2020-04-22,7127.8540113426,1710.55,104.63
2020-04-23,7487.6813497952,1736.25,103.85
2020-04-24,7506.9603889613,1715.9,105.63
2020-04-27,7777.6033234884,1714.95,111.63
2020-04-28,7743.4122651195,1691.55,111.21
2020-04-29,8781.7508124897,1703.35,111.6
2020-04-30,8623.0469171392,1702.75,109.67
2020-05-01,8827.029848266,1686.25,106.62
2020-05-04,8872.8417832987,1709.1,106.13
2020-05-05,9022.0972231674,1699.55,108.83
2020-05-06,9156.0622766774,1691.5,105.63
2020-05-07,9989.257556825,1704.05,107.33
2020-05-11,8569.602203094,1702.75,109.24
2020-05-12,8813.1520799885,1702.4,108.5
2020-05-13,9311.7404606258,1708.4,108.89
2020-05-14,9792.4245219547,1731.6,109.48
2020-05-15,9315.19808773,1735.35,112.08
2020-05-18,9732.8835718275,1734.7,114.94
2020-05-19,9776.6515288067,1737.95,112.63
2020-05-20,9511.0330633624,1748.3,114.71
2020-05-21,9067.1808917404,1724.9,113.99
2020-05-22,9169.7598466899,1733.55,115.34
2020-05-26,8841.7211250227,1720.25,116.28
2020-05-27,9204.7376038963,1694.6,115.19
2020-05-28,9576.5924037302,1717.35,116.37
2020-05-29,9426.3765107698,1728.7,118.46
2020-06-01,10202.8022693039,1730.6,118.88
2020-06-02,9519.1894270204,1742.15,119.24
2020-06-03,9666.7834376293,1705.35,119.34
2020-06-04,9788.8977060623,1700.05,117.93
2020-06-05,9619.4525198415,1683.45,119.9
2020-06-08,9781.9329074198,1690.35,121.3
2020-06-09,9774.0279014406,1713.5,120.09
2020-06-10,9887.0853385898,1722.05,120.01
2020-06-11,9277.4880200893,1738.25,113.25
2020-06-12,9464.9410470606,1733.5,115.15
2020-06-15,9425.8487689713,1710.45,117.37
2020-06-16,9526.1795931602,1719.85,118.53
2020-06-17,9464.2914199511,1724.35,118.13
2020-06-18,9384.7710276117,1719.5,119.29
2020-06-19,9308.6945059884,1734.75,118.83
2020-06-22,9686.5826412893,1761.85,119.71
2020-06-23,9624.6560658812,1768.9,118.6
2020-06-24,9294.505456083,1766.05,115.28
2020-06-25,9248.2606696526,1756.55,118.69
2020-06-26,9160.9390478198,1747.6,115.82
2020-06-29,9076.5536355946,1771.6,117.55
2020-06-30,9137.3812617543,1768.1,119.47
2020-07-01,9233.3607953265,1771.05,120.76
2020-07-02,9087.5224757049,1777.45,120.06
2020-07-06,9343.2287945792,1787.9,121.08
2020-07-07,9256.8337509942,1789.55,120.47
2020-07-08,9435.9464063807,1811.1,121.7
2020-07-09,9233.1502310233,1812.1,120.8
2020-07-10,9288.7577327163,1803.1,122.88
2020-07-13,9241.6117488664,1807.5,123.0
2020-07-14,9256.04817312,1801.9,124.8
2020-07-15,9196.6430207621,1804.6,126.84
2020-07-16,9133.9390451301,1807.7,127.03
2020-07-17,9154.6815941325,1807.35,128.44
2020-07-20,9161.4793952844,1815.65,131.3
2020-07-21,9391.3795882192,1842.55,131.01
2020-07-22,9523.7871563947,1852.4,134.1
2020-07-23,9605.9709067394,1878.3,131.41
2020-07-24,9541.9104414103,1902.1,130.56
2020-07-27,11034.2117628733,1936.65,130.53
2020-07-28,10913.9191138911,1940.9,128.15
2020-07-29,11095.9869938296,1950.9,131.01
2020-07-30,11104.3271238324,1957.65,129.9
2020-07-31,11316.7118455835,1964.9,131.31
2020-08-03,11222.7554808953,1958.55,130.35
2020-08-04,11192.4780995624,1977.9,129.7
2020-08-05,11746.4834869608,2048.15,130.36
2020-08-06,11764.7967603585,2067.15,130.7
2020-08-07,11596.6320707665,2031.15,132.87
2020-08-10,11888.6243053715,2044.5,131.53
2020-08-11,11390.6616000531,1939.65,130.47
2020-08-12,11565.6587561806,1931.9,130.42
2020-08-13,11783.8476866142,1944.25,130.28
2020-08-14,11763.6725269244,1944.75,129.24
2020-08-17,12287.4466200532,1972.85,130.31
2020-08-18,11947.4845059111,2008.75,130.05
2020-08-19,11756.5546319136,1981.0,129.87
2020-08-20,11856.7353802053,1927.15,130.46
2020-08-21,11530.9108183337,1924.35,129.92
2020-08-24,11750.3412434049,1943.95,131.58
2020-08-25,11321.1625019638,1911.15,130.1
2020-08-26,11461.6419970503,1932.95,132.54
2020-08-27,11331.2507465782,1923.85,131.85
2020-08-28,11528.9985442884,1957.35,131.84
2020-09-01,11923.3951136139,1972.35,134.82
2020-09-02,11390.1309544444,1947.05,137.28
2020-09-03,10149.2784270712,1940.45,133.26
2020-09-04,10455.4070056378,1926.3,130.29
2020-09-08,10127.963153229,1910.95,126.44
2020-09-09,10220.8861892322,1947.2,129.19
2020-09-10,10338.7621755282,1966.25,124.91
2020-09-11,10389.5826086187,1947.4,125.7
2020-09-14,10673.8912497126,1958.7,126.99
2020-09-15,10785.7727840487,1949.35,128.16
2020-09-16,10955.3546464683,1961.8,127.3
2020-09-17,10941.1907254673,1936.25,124.44
2020-09-18,10934.9291182645,1950.85,122.45
2020-09-21,10418.2901428747,1909.35,122.05
2020-09-22,10530.6969739227,1906.0,123.32
2020-09-23,10241.533685245,1873.4,119.73
2020-09-24,10737.6310446455,1861.75,121.3
2020-09-25,10688.1403924357,1859.7,124.03
2020-09-28,10697.1062233859,1864.3,125.37
2020-09-29,10841.0597673211,1883.95,121.38
2020-09-30,10777.5652050382,1886.9,122.71
2020-10-01,10619.8845874712,1902.0,123.92
2020-10-02,10571.7469209928,1903.05,123.54
2020-10-05,10793.3685418302,1909.6,124.87
2020-10-06,10600.6085445087,1913.4,123.57
2020-10-07,10667.8723194814,1884.5,122.98
2020-10-08,10927.8077265948,1887.45,124.6
2020-10-09,11052.6455638384,1923.25,125.06
2020-10-12,11532.3151676716,1925.5,126.38
2020-10-13,11423.3379250065,1891.3,126.38
2020-10-14,11420.4336023994,1910.05,127.65
2020-10-15,11505.8916205832,1891.9,128.41
2020-10-16,11321.1378692171,1905.05,128.87
2020-10-19,11753.3633126272,1905.6,127.48
2020-10-20,11913.4513608759,1898.4,128.99
2020-10-21,12789.2839959479,1924.15,132.37
2020-10-22,12973.7363225147,1900.95,130.09
2020-10-23,12926.019960545,1903.65,129.12
2020-10-26,13055.0362083516,1898.45,127.38
2020-10-27,13659.0179178232,1905.7,125.1
2020-10-28,13269.0063680741,1869.95,121.73
2020-10-29,13456.2374276505,1870.3,122.01
2020-10-30,13562.559358346,1881.85,120.99
2020-11-02,13552.4916546674,1889.9,123.18
2020-11-03,14024.852236311,1908.3,124.91
2020-11-04,14146.9476771028,1900.15,129.3
2020-11-05,15582.7363924703,1938.45,133.21
2020-11-06,15579.9966458746,1940.8,133.2
2020-11-09,15331.2558082474,1867.3,129.68
2020-11-10,15301.4461544807,1878.7,127.13
2020-11-11,15689.7462322661,1860.95,129.79
2020-11-12,16295.8023694712,1874.85,126.85
2020-11-13,16322.4886622239,1890.9,125.82
2020-11-16,16715.7591216876,1885.6,125.53
2020-11-17,17664.6364221858,1889.05,124.33
2020-11-18,17777.1129542701,1876.1,122.73
2020-11-19,17806.3611674704,1857.35,124.76
2020-11-20,18659.3357939965,1875.7,126.33
2020-11-23,18373.5526524378,1840.2,126.01
2020-11-24,19158.8929688499,1799.6,127.27
2020-11-25,18720.6918512565,1810.2,127.33
2020-11-27,17144.8103375679,1779.3,127.12
2020-11-30,19698.7997637387,1762.55,127.99
2020-12-01,18793.893916419,1810.75,129.91
2020-12-02,19208.8930936937,1822.6,129.36
2020-12-03,19428.2042743612,1832.35,124.9
2020-12-04,18675.3240197805,1843.0,125.3
2020-12-07,19170.308498665,1859.95,128.56
2020-12-08,18323.4118664827,1868.15,128.65
2020-12-09,18547.0178782828,1841.75,126.1
2020-12-10,18259.0342370715,1844.35,124.99
2020-12-11,18040.1936034174,1842.0,125.67
2020-12-14,19271.4492522998,1831.15,124.04
2020-12-15,19429.2831173313,1850.65,127.29
2020-12-16,21303.7935424904,1851.95,127.1
2020-12-17,22806.2016266409,1890.75,128.5
2020-12-18,23086.2993795346,1879.75,128.6
2020-12-21,22721.5875263454,1880.0,128.05
2020-12-22,23811.9879765965,1877.1,129.9
2020-12-23,23215.9711664449,1875.0,127.95
2020-12-29,27375.298685088,1874.3,129.14
2020-12-30,28879.3294009623,1887.6,130.14
2021-01-04,31997.1357520011,1943.2,132.01
2021-01-05,33973.1571511039,1940.35,131.97
2021-01-06,36790.7550380567,1931.95,135.4
2021-01-07,39447.6469217679,1920.1,136.8
2021-01-08,40605.0930018279,1862.9,138.81
2021-01-11,35417.9452715392,1847.25,140.9
2021-01-12,34055.7252079508,1841.25,141.92
2021-01-13,37375.4370104381,1858.85,142.49
2021-01-14,39139.6376932731,1841.75,142.13
2021-01-15,36757.311119987,1839.0,140.04
2021-01-19,35896.065233244,1834.7,142.26
2021-01-20,35491.3116612121,1856.6,143.67
2021-01-21,30853.8794778804,1862.1,141.4
2021-01-22,32965.4180705973,1852.7,140.42
2021-01-25,32258.1660360773,1856.85,142.3
2021-01-26,32480.4441489178,1856.6,141.13
2021-01-27,30381.1224100051,1843.0,141.2
2021-01-28,33400.0361761615,1853.7,139.03
2021-01-29,34251.8151291308,1863.8,135.27
2021-02-01,33529.7519259556,1862.95,138.61
2021-02-02,35352.9835226113,1833.1,142.61
2021-02-03,37645.3641810839,1835.45,142.16
2021-02-04,36946.9828061052,1785.9,143.57
2021-02-05,38293.1435488659,1802.95,142.59
2021-02-08,45595.2965432319,1835.25,142.45
2021-02-09,46451.6981196835,1839.6,143.13
2021-02-10,44818.5779630445,1842.65,142.47
2021-02-11,47976.2329735365,1840.1,142.37
2021-02-12,47327.898052524,1816.35,141.99
2021-02-16,49146.1246804565,1794.25,143.99
2021-02-17,52130.6520754209,1780.7,144.69
2021-02-18,51563.1893607481,1773.15,144.88
2021-02-19,55920.3924963926,1786.2,144.43
2021-02-22,54087.6890344086,1807.45,141.62
2021-02-23,48893.0571234562,1799.65,140.34
2021-02-24,49694.165341292,1788.0,141.99
2021-02-25,47078.0891548299,1779.65,140.32
2021-02-26,46294.658289971,1742.85,138.29
2021-03-01,49597.6825101831,1734.15,141.87
2021-03-02,48462.7533369241,1723.85,140.64
2021-03-03,50356.4032436792,1711.4,136.71
2021-03-04,48373.8527236682,1712.1,138.0
2021-03-05,48761.9290950219,1696.25,144.7
2021-03-08,52384.9379562497,1687.05,144.99
2021-03-09,54896.560735371,1716.9,146.65
2021-03-10,55876.3579838273,1716.2,144.55
2021-03-11,57780.3426369395,1724.25,144.1
2021-03-12,57230.0697182515,1704.8,144.42
2021-03-15,55621.4781094344,1723.65,145.99
2021-03-16,56908.2258873376,1735.0,145.47
2021-03-17,58912.8997931949,1729.65,144.02
2021-03-18,57647.2377776374,1725.9,144.94
2021-03-19,58038.5574604664,1735.2,145.74
2021-03-22,54091.6052205993,1736.15,147.12
2021-03-23,54356.3993000866,1726.2,147.57
2021-03-24,52300.8224819501,1730.5,147.33
2021-03-25,51308.2761372574,1737.3,146.57
2021-03-26,55031.1096404737,1731.8,150.72
2021-03-29,57631.8885176213,1705.95,150.84
2021-03-30,58750.392841705,1683.95,147.45
2021-03-31,58759.3187311704,1691.05,147.46
2021-04-01,58724.4207560877,1726.05,150.85
2021-04-06,57992.8482924864,1744.65,152.66
2021-04-07,55948.105250947,1738.05,150.78
2021-04-08,58081.4434446862,1755.5,153.52
2021-04-09,58129.8396116887,1741.2,156.1
2021-04-12,59858.1805122444,1732.85,156.09
2021-04-13,63575.218791507,1747.95,157.93
2021-04-14,62957.6357989228,1735.55,157.44
2021-04-15,63175.7167082445,1757.2,160.05
2021-04-16,61360.4669758751,1774.45,160.17
2021-04-19,55647.9126646612,1774.5,158.63
2021-04-20,56449.3466604781,1777.85,159.68
2021-04-21,53796.997974651,1798.2,159.32
2021-04-22,51705.2418616452,1787.75,159.72
2021-04-23,51129.6874768817,1781.8,162.47
2021-04-26,54023.8204295355,1773.35,160.03
2021-04-27,55028.8665488274,1784.15,160.8
2021-04-28,54855.5478640606,1772.2,159.65
2021-04-29,53561.7976997978,1762.65,161.89
2021-04-30,57714.1419610305,1767.65,161.54
